Source,Serial.Number,Start.Time,Segment.Start.Time,Segment.Duration,UpDown.mean,UpDown.median,UpDown.var,UpDown.sd,UpDown.mad,Degrees.mean,Degrees.median,Degrees.var,Degrees.sd,Degrees.mad,Step.count,Step.sd,Step.mad,Principal.Frequency.median,Principal.Frequency.mad,Principal.Frequency.ratio,Light.mean,Light.max,Temp.mean,Magnitude.mean,Activity
1,10703,1370974499,18:14:59,28,-62.096,-61.772,56.103,7.49,7.829,210.207,205,356.456,18.88,17.791,33,63.617,24.463,1,0,Inf,322,371,24,0.988,walk
2,10703,1370974528,18:15:28,46,-61.661,-61.262,92.323,9.608,12.516,205.152,200.5,526.976,22.956,14.085,41,70.034,57.821,1.45,0.667,Inf,271,289,24.8,1.133,walk
3,10703,1370974574,18:16:14,52,-61.896,-63.078,45.015,6.709,5.886,204.019,200,153.902,12.406,9.637,30,316.671,34.1,1.9,0,Inf,287,361,25.1,1.124,walk
4,10703,1370974626,18:17:06,102,-30.152,-41,1356.404,36.829,30.689,166.863,219,10713.466,103.506,31.135,91,112.545,59.304,2.7,0.148,Inf,265,328,24.9,2.477,run
6,10703,1370974765,18:19:25,46,-13.663,-16.938,102.166,10.108,0.779,148.717,144,196.341,14.012,1.483,0,NA,0,0.15,0.222,Inf,237,314,24.6,0.972,sit
7,10703,1370974811,18:20:11,30,6.814,6.819,0.481,0.693,0.518,174.933,175,0.754,0.868,1.483,0,NA,0,0.1,0.148,Inf,329,344,24.9,0.995,sit
8,10703,1370974841,18:20:41,34,20.098,20.317,267.571,16.358,14.872,172.118,163.5,1216.349,34.876,32.617,3,921.98,526.323,0.3,0.297,Inf,257,353,25.6,1.052,drive
9,10703,1370974875,18:21:15,30,12.676,11.773,111.302,10.55,8.866,179.1,179.5,47.955,6.925,8.154,0,NA,0,0.1,0,Inf,269,328,26.1,0.988,drive
10,10703,1370974905,18:21:45,45,14.719,15.748,167.336,12.936,12.128,175.356,178,852.234,29.193,16.309,2,1936.967,259.455,0.1,0.074,Inf,248,287,26.5,1.058,drive
11,10703,1370974950,18:22:30,55,15.106,15.789,102.135,10.106,6.114,178.818,179,41.374,6.432,7.413,0,NA,0,1,0.964,Inf,248,281,26.9,1.003,drive
12,10703,1370975005,18:23:25,84,13.261,14.287,187.865,13.706,9.616,162.226,162.5,197.069,14.038,11.119,1,4701.553,4928.904,1.7,2.372,Inf,241,285,27.2,1.062,drive
13,10703,1370975089,18:24:49,69,15.799,17.381,92.501,9.618,7.903,168.188,168,240.243,15.5,11.861,0,NA,0,0.1,0.074,Inf,262,342,27.5,1.014,drive
14,10703,1370975158,18:25:58,33,16.324,16.926,133.545,11.556,9.484,171.182,170,208.841,14.451,10.378,0,NA,0,0.1,0,Inf,254,336,27.7,1.051,drive
15,10703,1370975191,18:26:31,20,19.433,20.082,114.339,10.693,9.037,159.7,154,1085.379,32.945,24.463,0,NA,0,0.1,0,Inf,250,338,27.8,1.076,drive
33,14680,1360319404,10:30:04,1519,-0.596,-0.615,3.425,1.851,0.338,131.657,132,119.451,10.929,0,0,NA,0,22.3,19.496,1.188,8,19,24.4,0.994,nonwear
54,14680,1360322067,11:14:27,351,5.307,0.501,186.298,13.649,0.655,143.96,133,988.787,31.445,0,1,24658.935,25851.355,15.1,18.829,2,13,29,26.5,0.994,nonwear
68,14680,1360324789,11:59:49,1844,0.879,0.283,31.224,5.588,0.334,133.768,132,167.017,12.924,0,3,88992.596,2103.068,20.6,18.681,1.377,8,40,24.9,0.995,nonwear
124,14680,1360329637,13:20:37,638,1.422,0.724,53.418,7.309,0.36,133.828,133,132.058,11.492,0,2,35573.98,1894.763,22.6,20.608,1.296,9,21,26.4,0.997,nonwear
148,14680,1360332005,14:00:05,318,2.311,0.279,114.798,10.714,0.655,131.396,131,273.943,16.551,0,1,22435.791,23520.708,18.35,19.644,1.48,2,11,27.6,1.013,nonwear
166,14680,1360333711,14:28:31,2038,1.9,0.511,104.251,10.21,0.647,133.895,132,270.229,16.439,0,15,47519.606,524.84,16.8,18.384,1.812,1,21,25.5,0.995,nonwear
177,14680,1360336777,15:19:37,1266,1.249,0.719,15.385,3.922,0.359,131.73,131,78.267,8.847,0,1,88448.452,92725.51,19.65,19.051,1.471,1,8,26.1,0.995,nonwear
195,14680,1360339184,15:59:44,1244,-0.77,-0.618,37.068,6.088,0.341,132.183,131,177.464,13.322,0,2,71173.669,810.982,21.9,20.46,1.216,0,16,26.1,0.997,nonwear
208,14680,1360341545,16:39:05,381,3.262,2.315,39.574,6.291,0.647,135.428,131,498.061,22.317,1.483,3,15216.125,4332.898,12.7,18.681,1.679,0,5,27.3,0.992,nonwear
219,14680,1360342736,16:58:56,4103,76.068,76.056,0.17,0.412,0.401,234.077,234,6.539,2.557,2.965,0,NA,0,24.4,19.422,1.03,0,8,22.3,0.994,nonwear
220,14680,1360346839,18:07:19,17498,75.981,75.966,0.163,0.404,0.399,235.126,235,6.286,2.507,2.965,0,NA,0,25.1,18.533,0.984,0,0,19.1,0.993,nonwear
221,14680,1360364337,22:58:57,55361,75.912,75.896,0.163,0.404,0.401,235.832,236,6.363,2.522,2.965,0,NA,0,24.4,18.384,1.045,0,5,17.4,0.992,nonwear
38,14680,1360665085,10:31:25,1427,0.824,0.841,0.865,0.93,0.347,130.259,130,0.712,0.844,0,0,NA,0,23.1,18.236,1.246,51,80,18.8,0.992,nonwear
55,14680,1360667715,11:15:15,293,-1.79,-1.666,1.092,1.045,0.286,128.898,129,7.202,2.684,0,0,NA,0,14.8,18.236,1.667,84,96,22.2,0.991,nonwear
66,14680,1360668611,11:30:11,908,-0.345,-0.506,6.709,2.59,0.34,132.639,131,294.083,17.149,0,0,NA,0,21.5,19.422,1.308,82,96,21.9,0.993,nonwear
75,14680,1360670426,12:00:26,1779,-0.548,-0.509,0.925,0.962,0.338,131.53,132,0.818,0.905,0,1,125688.937,131766.816,22.95,18.458,1.172,77,91,20.9,0.993,nonwear
112,14680,1360675028,13:17:08,783,9.213,-0.738,407.47,20.186,0.665,157.812,130,2825.807,53.158,1.483,3,28353.167,7175.043,12.9,18.977,2.143,42,115,23.3,0.998,nonwear
142,14680,1360677617,14:00:17,315,-6.949,-1.431,322.919,17.97,0.406,158.956,129,3572.775,59.773,1.483,3,9831.346,1586.382,3.3,4.893,2.1,51,155,24.3,1.034,nonwear
159,14680,1360679459,14:30:59,1743,-81.897,-81.897,0.402,0.634,0.565,135.012,135,4.46,2.112,0,0,NA,0,28,17.939,0.826,32,43,22.5,0.994,nonwear
178,14680,1360682423,15:20:23,1276,-78.457,-83.226,401.832,20.046,0.646,125.621,121,583.316,24.152,4.448,3,60264.051,2388.469,22,20.756,1.117,32,72,19.7,0.992,nonwear
193,14680,1360684818,16:00:18,884,0.323,0.388,0.192,0.438,0.337,129.812,130,0.742,0.861,0,0,NA,0,22.4,19.57,1.215,36,48,22.6,0.994,nonwear
206,14680,1360687407,16:43:27,10447,-82.421,-82.41,0.387,0.622,0.609,137.906,137,10.289,3.208,2.965,1,738464.846,774174.431,25,18.532,0.999,0,16,18.7,0.992,nonwear
207,14680,1360697854,19:37:34,47786,-82.549,-82.55,0.372,0.61,0.58,138.469,138,9.211,3.035,2.965,0,NA,0,25.3,18.532,0.985,1,64,16.6,0.99,nonwear
17,14680,1360747344,09:22:24,730,-81.389,-82.219,70.756,8.412,0.62,134.74,135,69.762,8.352,2.965,0,NA,0,18.6,17.346,1.544,22,104,23.5,0.997,nonwear
43,14680,1360749613,10:00:13,648,-81.931,-82.159,9.577,3.095,0.627,130.696,131,11.992,3.463,1.483,0,NA,0,23.75,17.643,1.153,99,107,24.8,0.995,nonwear
58,14680,1360751417,10:30:17,1486,-82.696,-82.695,2.314,1.521,0.594,130.95,131,9.756,3.124,2.965,0,NA,0,21.15,19.051,1.277,80,101,24.7,0.995,nonwear
69,14680,1360754114,11:15:14,324,-81.362,-81.392,1.519,1.233,0.547,132.522,132,14.622,3.824,1.483,0,NA,0,20.7,14.529,1.333,102,109,27.4,0.997,nonwear
79,14680,1360755075,11:31:15,839,81.241,81.328,7.978,2.824,0.589,147.781,148,14.348,3.788,2.965,0,NA,0,22.6,20.312,1.115,66,128,25.8,1.001,nonwear
88,14680,1360756805,12:00:05,1806,-82.559,-82.609,1.987,1.41,0.621,133.026,133,13.356,3.655,2.965,0,NA,0,20.6,18.236,1.384,12,16,24.3,0.995,nonwear
113,14680,1360761618,13:20:18,814,59.86,81.775,1403.481,37.463,0.933,149.608,142,509.112,22.564,5.93,6,21550.218,9252.907,13.8,20.312,1.729,11,101,26,0.999,nonwear
133,14680,1360764112,14:01:52,310,-81.634,-81.606,0.692,0.832,0.57,134.406,135,74.831,8.65,0,0,NA,0,21.5,18.829,1.44,42,59,27.5,0.999,nonwear
148,14680,1360765817,14:30:17,1794,-80.246,-80.284,2.147,1.465,0.572,121.484,121,9.196,3.032,2.965,0,NA,0,22.6,18.829,1.177,43,75,24.5,0.995,nonwear
169,14680,1360768805,15:20:05,1385,-82.279,-82.296,2.881,1.697,0.586,133.875,135,25.622,5.062,2.965,0,NA,0,23.45,19.793,1.14,29,37,24.6,0.996,nonwear
185,14680,1360771218,16:00:18,892,-81.982,-81.983,0.471,0.686,0.633,134.822,135,3.639,1.908,0,0,NA,0,21.2,18.829,1.212,24,29,24.3,0.995,nonwear
208,14680,1360773608,16:40:08,353,-60.93,-82.169,2457.156,49.57,0.696,148.518,129,2614.682,51.134,2.965,0,NA,0,18.3,22.239,1.379,24,72,26.3,1.001,nonwear
227,14680,1360774862,17:01:02,1194,82.654,82.644,0.361,0.601,0.584,147.014,147,12.556,3.543,2.965,0,NA,0,26.2,16.902,0.896,5,8,21.8,1.003,nonwear
228,14680,1360776056,17:20:56,57053,82.737,82.732,0.377,0.614,0.552,146.194,146,13.338,3.652,2.965,0,NA,0,25.1,18.829,0.991,1,37,18.3,1.004,nonwear
135,1,1390822329,11:32:09,1593,-4.203,-4.244,0.177,0.421,0.378,-39.299,-39,0.27,0.52,0,0,NA,0,26.6,17.346,0.898,0,0,20.2,0.973,nonwear
136,1,1390823922,11:58:42,852,-4.084,-4.059,0.187,0.432,0.386,-39.414,-39,0.281,0.53,0,0,NA,0,24.2,18.088,1.127,0,0,18.8,0.976,nonwear
137,1,1390824774,12:12:54,1660,-3.918,-3.948,0.164,0.405,0.392,-39.593,-40,0.286,0.535,0,0,NA,0,26.7,17.939,0.839,0,0,16.7,0.981,nonwear
138,1,1390826434,12:40:34,262,-3.905,-3.938,0.143,0.378,0.397,-39.718,-40,0.249,0.499,0,0,NA,0,22.1,15.271,1.217,0,0,15.5,0.984,nonwear
139,1,1390826696,12:44:56,183,-3.892,-3.825,0.181,0.425,0.399,-39.645,-40,0.241,0.491,0,0,NA,0,28.1,15.716,0.842,0,0,15.2,0.986,nonwear
140,1,1390826879,12:47:59,720,-3.827,-3.801,0.181,0.425,0.401,-39.733,-40,0.251,0.501,0,0,NA,0,23.8,18.384,1.134,0,0,14.8,0.986,nonwear
141,1,1390827599,12:59:59,716,-3.787,-3.769,0.172,0.415,0.362,-39.817,-40,0.236,0.486,0,0,NA,0,25.2,17.717,0.972,0,0,14.3,0.987,nonwear
142,1,1390828315,13:11:55,96,-3.751,-3.742,0.087,0.295,0.317,-39.781,-40,0.257,0.507,0,0,NA,0,18.5,16.086,1.571,0,0,13.8,0.988,nonwear
143,1,1390828411,13:13:31,332,-3.731,-3.747,0.19,0.436,0.373,-39.792,-40,0.22,0.469,0,0,NA,0,23.9,18.681,1.031,0,0,13.7,0.989,nonwear
144,1,1390828743,13:19:03,30,-3.742,-3.749,0.036,0.191,0.078,-39.867,-40,0.12,0.346,0,0,NA,0,24.8,13.343,1.5,0,0,13.6,0.988,nonwear
145,1,1390828773,13:19:33,78,-3.729,-3.74,0.191,0.437,0.386,-39.833,-40,0.193,0.439,0,0,NA,0,19.75,16.012,1.333,0,0,13.6,0.989,nonwear
146,1,1390828851,13:20:51,3550,-3.727,-3.738,0.171,0.413,0.363,-39.924,-40,0.21,0.458,0,0,NA,0,24.7,18.681,1.037,0,0,12.8,0.991,nonwear
147,1,1390832401,14:20:01,182,-3.733,-3.756,0.287,0.536,0.58,-39.929,-40,0.21,0.459,0,0,NA,0,27.5,20.163,0.944,0,0,12.2,0.992,nonwear
148,1,1390832583,14:23:03,600,-3.738,-3.734,0.157,0.396,0.348,-39.963,-40,0.219,0.468,0,0,NA,0,28.1,14.233,0.831,0,0,12.1,0.992,nonwear
149,1,1390833183,14:33:03,528,-3.747,-3.739,0.204,0.451,0.39,-39.983,-40,0.229,0.479,0,0,NA,0,25.45,19.867,0.943,0,0,11.9,0.992,nonwear
150,1,1390833711,14:41:51,1023,-3.762,-3.745,0.149,0.385,0.357,-39.943,-40,0.183,0.427,0,0,NA,0,22.2,17.05,1.295,0,0,11.5,0.992,nonwear
151,1,1390834734,14:58:54,1270,-3.81,-3.772,0.18,0.424,0.381,-39.843,-40,0.221,0.47,0,0,NA,0,24,17.939,1.172,0,0,10.9,0.993,nonwear
154,1,1390836437,15:27:17,1325,-3.812,-3.772,0.151,0.389,0.364,-39.894,-40,0.218,0.467,0,0,NA,0,24.65,18.903,1.047,0,0,10.1,0.994,nonwear
155,1,1390837762,15:49:22,225,-3.785,-3.756,0.139,0.373,0.341,-39.884,-40,0.246,0.495,0,0,NA,0,19.75,18.681,1.316,0,0,9.7,0.995,nonwear
156,1,1390837987,15:53:07,556,-3.762,-3.738,0.16,0.399,0.35,-39.901,-40,0.205,0.452,0,0,NA,0,23.45,20.015,1.245,0,0,9.5,0.996,nonwear
1,13891,1356316139,02:28:59,402,-31.097,-30.874,11.433,3.381,0.505,86.102,85,113.121,10.636,1.483,1,20791.768,21797.185,9.4,10.082,2.95,0,0,28.5,1.039,sleep
3,13891,1356316544,02:35:44,1837,4.532,4.577,1.153,1.074,0.408,189.04,189,4.492,2.119,1.483,0,NA,0,21.45,21.349,1.186,0,0,31,1.034,sleep
4,13891,1356318381,03:06:21,25,1.816,1.541,0.268,0.518,0.33,193.36,193,1.407,1.186,0,0,NA,0,16.5,21.424,1,0,0,32.4,1.031,sleep
5,13891,1356318406,03:06:46,390,2.943,2.996,0.16,0.401,0.335,184.367,184,0.346,0.588,0,0,NA,0,24.5,18.829,1.081,0,0,31.7,1.042,sleep
6,13891,1356318796,03:13:16,279,8.954,9.362,14.632,3.825,0.367,197.24,197,3.262,1.806,0,0,NA,0,22.1,18.384,1.571,0,0,32.1,1.028,sleep
8,13891,1356319077,03:17:57,155,9.904,11.056,8.951,2.992,0.488,184.916,184,4.155,2.038,1.483,0,NA,0,13.1,17.05,2.333,0,0,32.3,1.045,sleep
9,13891,1356319232,03:20:32,110,13.442,13.456,0.105,0.323,0.333,185.782,186,0.301,0.548,0,0,NA,0,26.1,16.902,0.909,0,0,31.6,1.04,sleep
10,13891,1356319342,03:22:22,397,13.262,13.283,0.089,0.298,0.305,196.035,196,0.372,0.61,0,0,NA,0,20.4,14.159,1.438,0,0,31,1.028,sleep
1,13893,1356316139,02:28:59,352,-35.825,-35.816,0.276,0.525,0.555,167.705,168,0.385,0.62,0,0,NA,0,0.2,0,10.333,0,0,33.4,1.045,sleep
2,13893,1356316492,02:34:52,51,-35.889,-36.595,30.075,5.484,1.1,151.176,163,492.868,22.201,1.483,1,3032.781,3179.436,0.1,0.148,Inf,0,0,33.5,1.049,sleep
3,13893,1356316543,02:35:43,771,-11.45,-11.451,0.21,0.458,0.397,177.433,177,0.373,0.611,0,0,NA,0,19.8,19.57,1.25,0,0,32.3,1.043,sleep
4,13893,1356317314,02:48:34,912,-11.561,-11.543,0.183,0.427,0.389,177.17,177,0.352,0.593,0,0,NA,0,24.5,19.126,1.069,0,0,32.9,1.045,sleep
5,13893,1356318226,03:03:46,154,-7.121,-6.883,10.097,3.178,0.465,173.455,174,4.093,2.023,0,0,NA,0,17.5,20.163,1.636,0,0,33.3,1.046,sleep
6,13893,1356318380,03:06:20,26,-9.256,-9.221,0.507,0.712,0.45,170.654,171,6.635,2.576,1.483,0,NA,0,10.75,10.452,3,0,0,33.5,1.053,sleep
7,13893,1356318406,03:06:46,393,-11.305,-11.302,0.187,0.433,0.428,169.494,169,0.332,0.576,0,0,NA,0,26.3,21.053,0.878,0,0,33.7,1.052,sleep
8,13893,1356318799,03:13:19,276,-12.417,-12.381,0.205,0.453,0.453,170.996,171,0.44,0.663,0,0,NA,0,21.7,16.309,1.7,0,0,33.8,1.05,sleep
9,13893,1356319075,03:17:55,23,-10.298,-9.888,3.173,1.781,0.559,175.696,176,14.221,3.771,1.483,0,NA,0,43.2,9.044,0.5,0,0,33.8,1.051,sleep
11,13893,1356319104,03:18:24,635,-11.543,-11.548,0.201,0.449,0.431,207.576,208,2.368,1.539,0,0,NA,0,20.75,18.829,1.471,0,0,30.6,1.014,sleep
1,13891,1356836219,02:56:59,806,36.959,36.926,0.32,0.565,0.425,203.881,204,0.961,0.98,1.483,0,NA,0,16.75,16.457,1.759,0,0,26.3,1.016,sleep
3,13891,1356837040,03:10:40,350,-8.442,-1.652,136.741,11.694,1.533,126.157,141,620.15,24.903,1.483,7,7571.614,1445.535,20.8,26.983,1.464,0,0,27,1.068,sleep
5,13891,1356837392,03:16:32,602,-10.299,-4.626,112.836,10.622,0.896,118.741,132,635.999,25.219,1.483,5,18011.659,830.997,11.7,17.05,2.4,0,0,26.2,1.054,sleep
6,13891,1356837994,03:26:34,392,-22.617,-22.82,17.696,4.207,0.406,111.903,112,68.707,8.289,0,4,17036.721,145.295,13.4,19.422,2.667,0,0,27.8,1.06,sleep
7,13891,1356838386,03:33:06,650,-3.438,-3.386,0.49,0.7,0.396,149.051,149,3.685,1.92,0,0,NA,0,29.7,21.201,0.72,0,0,29.2,1.06,sleep
9,13891,1356839039,03:43:59,401,9.468,9.198,28.542,5.342,0.422,273.022,274,52.477,7.244,0,0,NA,0,20.7,16.753,1.548,0,0,31.5,0.95,sleep
10,13891,1356839440,03:50:40,379,-0.007,0.019,0.608,0.78,0.314,146.464,146,1.101,1.049,0,0,NA,0,25.75,14.011,0.947,0,0,32,1.059,sleep
1,13891,1356316139,02:28:59,402,-31.097,-30.874,11.433,3.381,0.505,86.102,85,113.121,10.636,1.483,1,20791.768,21797.185,9.4,10.082,2.95,0,0,28.5,1.039,sleep
3,13891,1356316544,02:35:44,1837,4.532,4.577,1.153,1.074,0.408,189.04,189,4.492,2.119,1.483,0,NA,0,21.45,21.349,1.186,0,0,31,1.034,sleep
4,13891,1356318381,03:06:21,25,1.816,1.541,0.268,0.518,0.33,193.36,193,1.407,1.186,0,0,NA,0,16.5,21.424,1,0,0,32.4,1.031,sleep
5,13891,1356318406,03:06:46,390,2.943,2.996,0.16,0.401,0.335,184.367,184,0.346,0.588,0,0,NA,0,24.5,18.829,1.081,0,0,31.7,1.042,sleep
6,13891,1356318796,03:13:16,279,8.954,9.362,14.632,3.825,0.367,197.24,197,3.262,1.806,0,0,NA,0,22.1,18.384,1.571,0,0,32.1,1.028,sleep
8,13891,1356319077,03:17:57,155,9.904,11.056,8.951,2.992,0.488,184.916,184,4.155,2.038,1.483,0,NA,0,13.1,17.05,2.333,0,0,32.3,1.045,sleep
9,13891,1356319232,03:20:32,110,13.442,13.456,0.105,0.323,0.333,185.782,186,0.301,0.548,0,0,NA,0,26.1,16.902,0.909,0,0,31.6,1.04,sleep
10,13891,1356319342,03:22:22,397,13.262,13.283,0.089,0.298,0.305,196.035,196,0.372,0.61,0,0,NA,0,20.4,14.159,1.438,0,0,31,1.028,sleep
1,13893,1356316139,02:28:59,352,-35.825,-35.816,0.276,0.525,0.555,167.705,168,0.385,0.62,0,0,NA,0,0.2,0,10.333,0,0,33.4,1.045,sleep
2,13893,1356316492,02:34:52,51,-35.889,-36.595,30.075,5.484,1.1,151.176,163,492.868,22.201,1.483,1,3032.781,3179.436,0.1,0.148,Inf,0,0,33.5,1.049,sleep
3,13893,1356316543,02:35:43,771,-11.45,-11.451,0.21,0.458,0.397,177.433,177,0.373,0.611,0,0,NA,0,19.8,19.57,1.25,0,0,32.3,1.043,sleep
4,13893,1356317314,02:48:34,912,-11.561,-11.543,0.183,0.427,0.389,177.17,177,0.352,0.593,0,0,NA,0,24.5,19.126,1.069,0,0,32.9,1.045,sleep
5,13893,1356318226,03:03:46,154,-7.121,-6.883,10.097,3.178,0.465,173.455,174,4.093,2.023,0,0,NA,0,17.5,20.163,1.636,0,0,33.3,1.046,sleep
6,13893,1356318380,03:06:20,26,-9.256,-9.221,0.507,0.712,0.45,170.654,171,6.635,2.576,1.483,0,NA,0,10.75,10.452,3,0,0,33.5,1.053,sleep
7,13893,1356318406,03:06:46,393,-11.305,-11.302,0.187,0.433,0.428,169.494,169,0.332,0.576,0,0,NA,0,26.3,21.053,0.878,0,0,33.7,1.052,sleep
8,13893,1356318799,03:13:19,276,-12.417,-12.381,0.205,0.453,0.453,170.996,171,0.44,0.663,0,0,NA,0,21.7,16.309,1.7,0,0,33.8,1.05,sleep
9,13893,1356319075,03:17:55,23,-10.298,-9.888,3.173,1.781,0.559,175.696,176,14.221,3.771,1.483,0,NA,0,43.2,9.044,0.5,0,0,33.8,1.051,sleep
11,13893,1356319104,03:18:24,635,-11.543,-11.548,0.201,0.449,0.431,207.576,208,2.368,1.539,0,0,NA,0,20.75,18.829,1.471,0,0,30.6,1.014,sleep
1,13891,1356836219,02:56:59,806,36.959,36.926,0.32,0.565,0.425,203.881,204,0.961,0.98,1.483,0,NA,0,16.75,16.457,1.759,0,0,26.3,1.016,sleep
3,13891,1356837040,03:10:40,350,-8.442,-1.652,136.741,11.694,1.533,126.157,141,620.15,24.903,1.483,7,7571.614,1445.535,20.8,26.983,1.464,0,0,27,1.068,sleep
5,13891,1356837392,03:16:32,602,-10.299,-4.626,112.836,10.622,0.896,118.741,132,635.999,25.219,1.483,5,18011.659,830.997,11.7,17.05,2.4,0,0,26.2,1.054,sleep
6,13891,1356837994,03:26:34,392,-22.617,-22.82,17.696,4.207,0.406,111.903,112,68.707,8.289,0,4,17036.721,145.295,13.4,19.422,2.667,0,0,27.8,1.06,sleep
7,13891,1356838386,03:33:06,650,-3.438,-3.386,0.49,0.7,0.396,149.051,149,3.685,1.92,0,0,NA,0,29.7,21.201,0.72,0,0,29.2,1.06,sleep
9,13891,1356839039,03:43:59,401,9.468,9.198,28.542,5.342,0.422,273.022,274,52.477,7.244,0,0,NA,0,20.7,16.753,1.548,0,0,31.5,0.95,sleep
10,13891,1356839440,03:50:40,379,-0.007,0.019,0.608,0.78,0.314,146.464,146,1.101,1.049,0,0,NA,0,25.75,14.011,0.947,0,0,32,1.059,sleep
1,13895,1359721424,12:23:44,26,21.877,26.74,401.078,20.027,18.605,154.37,140,2026.858,45.021,19.274,1,1609.375,1687.199,0.1,0,Inf,29,53,27.7,1.055,walk
2,13895,1359721451,12:24:11,22,14.079,12.871,117.081,10.82,6.301,280.318,284,517.942,22.758,17.791,1,306.177,320.983,0.1,0,Inf,10,83,27.1,0.924,walk
3,13895,1359721473,12:24:33,61,-41.038,-61.928,1726.747,41.554,23.726,196.672,198,4508.324,67.144,42.995,11,448.445,201.634,0.7,0.89,Inf,24,152,26.9,1.047,walk
5,13895,1359721535,12:25:35,98,-5.736,-4.977,203.259,14.257,7.513,268.837,281.5,4477.581,66.915,22.98,8,966.896,661.24,0.4,0.519,Inf,273,363,26,0.972,walk
6,13895,1359721633,12:27:13,33,-5.54,-2.219,105.799,10.286,5.487,280.515,293,3723.383,61.02,20.756,2,1163.052,524.84,0.1,0,Inf,281,355,24.3,1.008,walk
7,13895,1359721666,12:27:46,28,-15.19,-12.867,127.212,11.279,6.334,287,292.5,212,14.56,15.567,6,312.263,299.485,0.1,0,Inf,252,320,23.7,0.967,walk
8,13895,1359721694,12:28:14,33,-10.301,-7.158,126.081,11.229,6.626,262.909,261,127.96,11.312,8.896,6,518.719,173.464,1.5,0,Inf,297,365,23,0.962,walk
10,13895,1359721743,12:29:03,42,-6.773,-4.859,92.852,9.636,6.04,268.429,272.5,2857.519,53.456,26.687,10,439.468,266.868,0.1,0,Inf,52,339,22.1,0.993,walk
12,13895,1359721788,12:29:48,144,-0.156,-0.019,107.181,10.353,7.026,258.562,256,479.101,21.888,17.791,18,1197.452,277.246,0.1,0.148,Inf,0,8,22,0.979,walk
13,13895,1359721932,12:32:12,87,-6.413,-2.608,429.147,20.716,13.662,252.632,246,791.468,28.133,37.065,16,336.93,349.894,0.1,0.074,Inf,0,11,22.7,0.986,walk
15,13895,1359722021,12:33:41,73,-50.891,-67.546,1257.725,35.464,18.659,188.74,236,13046.667,114.222,51.891,14,518.264,260.938,1.4,0.148,Inf,334,443,23,1.027,walk
16,13895,1359722094,12:34:54,47,-69.297,-72.046,107.7,10.378,6.399,228.617,246,2595.85,50.949,35.582,0,NA,0,3.15,2.224,Inf,209,389,22.6,1.013,walk
17,13895,1359722141,12:35:41,37,-58.42,-63.276,575.273,23.985,8.412,216.324,229,4089.225,63.947,25.204,12,345.728,149.743,1.6,1.26,Inf,232,341,22.6,1.058,walk
18,13895,1359722178,12:36:18,32,-70.567,-70.078,84.792,9.208,8.563,200.219,225,7098.757,84.254,27.428,7,591.834,239.44,1.5,0.148,Inf,356,397,22.3,1.044,walk
19,13895,1359722210,12:36:50,25,-68.361,-70.482,164.207,12.814,10.31,208.8,208,2188,46.776,25.204,11,268.55,91.18,1.5,0,Inf,243,387,21.8,1.101,walk
20,13895,1359722235,12:37:15,33,-69.147,-72.142,133.861,11.57,10.483,196.818,212,7801.028,88.323,29.652,2,928.174,781.33,4.6,0.297,Inf,280,347,21.2,1.085,walk
21,13895,1359722268,12:37:48,39,-55.401,-69.299,1118.746,33.448,16.818,180.538,208,8210.202,90.61,32.617,1,211.425,221.649,3.65,1.408,Inf,310,477,20.5,1.066,walk
22,13895,1359722307,12:38:27,22,9.559,14.003,1990.672,44.617,53.748,216.318,214,2934.989,54.176,67.458,2,441.701,14.826,0.2,0.148,Inf,92,315,20.1,1.066,walk
23,13895,1359722329,12:38:49,25,7.321,0.096,506.863,22.514,7.574,251.72,245,2168.293,46.565,40.03,3,569.772,713.872,0.1,0,Inf,38,208,19.9,0.975,walk
1,13901,1359721424,12:23:44,52,3.071,4.832,182.735,13.518,8.373,221.283,226,1540.553,39.25,40.03,4,429.709,403.267,0.2,0.148,Inf,10,64,27.6,1.024,walk
3,13901,1359721481,12:24:41,94,-16.697,-31.141,2682.879,51.797,63.268,211.404,251.5,11128.76,105.493,45.961,29,315.044,199.41,0.1,0.148,Inf,30,299,26.5,1.058,walk
4,13901,1359721575,12:26:15,29,13.79,18.112,970.722,31.156,10.105,237.345,228,1507.948,38.832,23.722,15,133.928,131.951,0.05,0.074,Inf,72,109,25.7,1.04,walk
5,13901,1359721604,12:26:44,38,26.901,24.942,223.391,14.946,6.832,236.974,235,358.459,18.933,15.567,16,325.297,85.991,1.4,0.148,Inf,69,192,25.1,0.997,walk
6,13901,1359721642,12:27:22,28,-35.03,-56.995,1897.6,43.561,27.681,164.107,249.5,23361.358,152.844,79.319,14,110.567,124.538,0.05,0.074,Inf,46,267,24.8,1.04,walk
7,13901,1359721670,12:27:50,67,7.548,7.42,1121.174,33.484,13.745,224.403,242,7323.275,85.576,22.239,17,286.464,286.142,0.1,0.148,Inf,205,365,24.2,1.004,walk
8,13901,1359721737,12:28:57,79,22.714,21.809,378.58,19.457,13.158,222.456,245,6832.174,82.657,7.413,15,339.255,203.857,0.1,0.148,Inf,4,37,23.7,1.002,walk
9,13901,1359721816,12:30:16,159,28.096,24.392,291.533,17.074,12.519,252.057,258,1770.269,42.075,10.378,29,556.176,382.511,0.1,0.074,Inf,0,0,24.3,0.984,walk
10,13901,1359721975,12:32:55,29,30.422,42.133,1128.095,33.587,22.062,262.103,269,669.167,25.868,22.239,3,274.999,227.579,0.2,0.074,Inf,0,0,25,0.922,walk
11,13901,1359722004,12:33:24,84,-43.163,-65.605,2168.605,46.568,16.016,186.214,273.5,20265.785,142.358,44.478,18,467.528,312.829,0.1,0,Inf,157,379,25,1.023,walk
12,13901,1359722088,12:34:48,36,-17.723,-37.491,3049.803,55.225,54.777,255.389,255,1161.387,34.079,39.289,2,1467.131,679.031,0.1,0,Inf,280,373,23.9,0.982,walk
13,13901,1359722124,12:35:24,94,-62.36,-73.61,1066.516,32.658,5.616,193.521,259.5,18226.08,135.004,48.926,11,648.211,726.474,0.8,0.445,Inf,118,371,23,1.106,walk
14,13901,1359722218,12:36:58,24,-50.054,-71.074,1945.547,44.108,4.612,262.083,267,1856.167,43.083,28.911,3,273.282,183.842,1.4,0.148,Inf,35,53,22.2,1.059,walk
15,13901,1359722242,12:37:22,31,-63.353,-71.122,861.461,29.351,3.836,216.452,271,15947.789,126.285,26.687,2,645.454,54.856,2.4,1.038,Inf,56,291,22.1,0.992,walk
16,13901,1359722273,12:37:53,31,-45.333,-67.018,1637.516,40.466,8.944,238.677,257,4365.826,66.074,42.995,6,624.464,160.121,0.2,0,Inf,131,349,21.6,1.026,walk
18,13901,1359722317,12:38:37,26,7.472,1.928,364.114,19.082,6.776,227.308,230,2756.222,52.5,29.652,3,411.001,147.519,0.1,0.074,Inf,12,37,21.4,1.079,walk
2,13901,1359719999,11:59:59,64,-15.778,-11.229,1318.804,36.315,34.862,206.641,235.5,7087.885,84.19,45.219,4,1046.785,905.869,0.2,0.148,Inf,5,99,30.6,1.046,walk
3,13901,1359720063,12:01:03,33,-32.03,-31.304,429.098,20.715,17.842,195.03,254,15810.28,125.739,68.2,1,564.978,592.299,0.1,0.148,Inf,0,3,29.6,0.955,walk
4,13901,1359720096,12:01:36,67,-48.466,-60.526,879.654,29.659,17.912,236.015,254,5626.379,75.009,35.582,12,556.147,385.476,0.15,0.222,Inf,0,0,28.9,1.023,walk
5,13901,1359720163,12:02:43,63,-50.114,-67.581,1130.288,33.62,10.165,237.476,246,1017.544,31.899,22.239,12,591.204,293.555,0.1,0,Inf,0,0,28.2,1.033,walk
6,13901,1359720226,12:03:46,35,-9.036,-6.332,1789.93,42.308,57.777,176.2,227,16525.047,128.55,60.787,5,418.908,486.293,0.1,0,Inf,5,48,27.8,1.066,walk
7,13901,1359720261,12:04:21,46,-26.923,-11.285,2016.614,44.907,52.11,229.652,233,2781.965,52.744,44.478,4,768.429,481.845,0.15,0.074,Inf,0,0,27.4,0.988,walk
9,13901,1359720321,12:05:21,24,1.373,6.651,395.753,19.894,16.696,215,213.5,3874.87,62.248,44.478,0,NA,0,0.1,0,Inf,0,0,27.1,1.059,walk
10,13901,1359720345,12:05:45,62,2.501,5.575,198.481,14.088,12.437,262.726,262.5,2515.94,50.159,42.254,4,1205.745,1899.211,0.2,0.148,Inf,4,45,27.1,0.991,walk
11,13901,1359720407,12:06:47,218,12.537,26.448,1959.927,44.271,32.466,169.156,243.5,21165.294,145.483,86.732,55,389.371,287.624,0.1,0,Inf,40,336,24.8,0.981,walk
12,13901,1359720625,12:10:25,162,13.639,25.593,1995.267,44.668,30.025,111.179,-14.5,24069.353,155.143,42.254,26,707.362,314.311,0.1,0,Inf,109,379,23.2,0.976,walk
13,13901,1359720787,12:13:07,36,-36.665,-35.216,47.43,6.887,6.328,211.583,208,143.793,11.991,10.378,7,473.389,134.917,1.2,0.222,Inf,100,317,22.5,1.034,walk
14,13901,1359720823,12:13:43,139,-57.222,-71.56,1242.289,35.246,6.871,215.108,270,12759.633,112.959,47.443,23,526.163,521.134,1.05,0.593,Inf,2,80,22.3,1.052,walk
15,13901,1359720962,12:16:02,74,-10.534,18.264,2261.568,47.556,29.635,246.162,262,2501.59,50.016,43.737,14,517.32,200.151,0.1,0.148,Inf,0,0,22.9,1.02,walk
16,13901,1359721036,12:17:16,29,-58.728,-67.552,476.872,21.837,15.996,201.655,262,15962.52,126.343,53.374,3,973.232,300.968,0.25,0.148,Inf,1,13,23.1,1.003,walk
17,13901,1359721065,12:17:45,96,-54.118,-70.217,1313.854,36.247,12.986,203.708,238,10846.882,104.148,60.787,16,421.364,495.188,0.15,0.074,Inf,1,59,23.6,1.091,walk
19,13901,1359721164,12:19:24,34,-15.451,-0.527,2020.336,44.948,33.895,81.118,94,8554.41,92.49,143.071,0,NA,0,0.1,0.148,Inf,109,357,23.8,0.979,walk
4,13901,1358339859,12:37:39,593,-6.79,-19.973,2134.244,46.198,44.9,162.02,198,8909.456,94.39,80.06,44,1505.167,793.191,2.7,0,Inf,29,88,25.4,2.367,run
4,13893,1358339875,12:37:55,218,-13.542,-30.063,2522.057,50.22,46.945,145.468,186.5,7372.858,85.865,58.563,3,6396.443,3375.88,2.7,0,Inf,53,91,25.6,2.128,run
5,13893,1358340093,12:41:33,42,-7.155,-30.758,2933.6,54.163,50.358,150.381,176,7183.998,84.758,62.269,1,1730.29,1813.961,2.7,0,Inf,51,80,25.3,2.034,run
6,13893,1358340135,12:42:15,147,-10.774,-24.995,2367.352,48.655,44.497,139.463,180,8232.332,90.732,60.787,1,7801.509,8178.763,2.7,0,Inf,49,88,25.3,2.491,run
7,13893,1358340282,12:44:42,176,-14.044,-25.41,2157.722,46.451,48.923,142.443,179.5,8074.374,89.858,72.647,4,1854.291,2004.475,2.7,0,Inf,51,96,25.5,2.278,run
5,13895,1358339097,12:24:57,478,-7.227,-25.051,2418.542,49.179,45.081,149.345,186,7347.669,85.719,68.2,8,14281.584,87.473,2.7,0,Inf,57,109,26,2.101,run
6,13895,1358339575,12:32:55,38,-11.49,-25.078,1823.676,42.705,22.938,146.684,193,7845.465,88.575,46.702,0,NA,0,2.65,0.074,Inf,59,99,25.5,2.314,run
8,13895,1358339623,12:33:43,130,-11.991,-20.84,1894.448,43.525,45.502,150.315,181,6929.117,83.241,63.01,1,7517.252,7880.76,2.7,0,24,56,104,25.6,2.023,run
3,13894,1358339096,12:24:56,65,-9.798,-22.387,2554.59,50.543,52.489,167.677,209,8765.378,93.624,42.995,6,1387.437,163.086,2.7,0.148,Inf,44,93,25.5,2.032,run
4,13894,1358339161,12:26:01,481,-6.315,-23.884,2579.622,50.79,47.009,172.651,210,8177.403,90.429,75.613,26,2295.741,679.031,2.7,0,Inf,40,101,24.2,2.237,run
5,13894,1358339642,12:34:02,24,-11.919,-8.668,786.031,28.036,26.999,170.667,216.5,6827.014,82.626,31.876,0,NA,0,2.7,0,Inf,42,69,23.4,2.626,run
6,13894,1358339666,12:34:26,86,-13.677,-35.077,2713.853,52.095,37.687,174.209,210.5,10649.203,103.195,84.508,4,1194.398,859.908,2.7,0,Inf,36,85,23.5,2.225,run
2,13894,1360922398,09:59:58,292,-1.079,-3.326,28.626,5.35,0.986,217.764,219,321.686,17.936,1.483,0,NA,0,5,4.151,3.75,20,107,28.8,1.009,sit
3,13894,1360922690,10:04:50,68,-0.463,-0.495,0.278,0.527,0.645,221.088,221,0.947,0.973,1.483,0,NA,0,6,3.929,3,7,11,29.3,1.004,sit
4,13894,1360922758,10:05:58,55,4.568,0.607,95.481,9.771,2.97,204.473,221,796.809,28.228,16.309,3,1251.706,1120.846,0.1,0.148,Inf,27,61,29.5,1.008,sit
5,13894,1360922813,10:06:53,51,18.648,19.147,10.998,3.316,0.951,182.863,183,45.561,6.75,2.965,0,NA,0,0.1,0,Inf,30,48,29.5,1.04,sit
6,13894,1360922864,10:07:44,28,17.557,15.544,56.598,7.523,1.168,205.821,209,125.115,11.185,2.965,1,1447.448,1517.441,1.8,2.669,Inf,29,48,29.5,1.02,sit
7,13894,1360922892,10:08:12,24,18.823,18.495,1.143,1.069,0.718,214,213.5,2.174,1.474,0.741,0,NA,0,5.5,3.706,Inf,30,32,29.5,1.011,sit
8,13894,1360922916,10:08:36,106,20.199,20.348,4.935,2.222,0.967,180.708,181,50.399,7.099,1.483,0,NA,0,5.9,2.965,Inf,92,157,29.4,1.041,sit
1,13896,1360922397,09:59:57,26,11.503,11.233,3.348,1.83,0.852,155.741,156,18.353,4.284,1.483,0,NA,0,4.3,6.227,Inf,133,155,32.5,1.033,sit
2,13896,1360922424,10:00:24,60,7.386,7.41,0.21,0.458,0.474,174.317,174,0.83,0.911,1.483,0,NA,0,0.1,0.148,4.5,49,72,32.5,1.03,sit
3,13896,1360922484,10:01:24,159,-0.897,-1.694,50.851,7.131,0.645,212.497,214,120.834,10.992,1.483,0,NA,0,12.55,12.454,1.727,3,195,32.7,1.001,sit
4,13896,1360922643,10:04:03,115,-0.833,-0.802,0.286,0.535,0.637,217.487,217,2.48,1.575,1.483,0,NA,0,15.9,16.234,2.143,0,3,32.8,0.999,sit
5,13896,1360922758,10:05:58,31,4.926,0.54,225.916,15.031,4.257,211.613,213,83.045,9.113,4.448,0,NA,0,0.1,0.148,Inf,18,141,33,1.006,sit
6,13896,1360922789,10:06:29,23,1.826,1.669,0.472,0.687,0.357,217.87,218,1.937,1.392,1.483,0,NA,0,5.5,8.154,2,0,8,33,0.995,sit
7,13896,1360922812,10:06:52,80,2.879,-8.193,338.137,18.389,8.896,219.375,223,182.845,13.522,2.965,0,NA,0,0.5,0.741,6.5,25,160,33.2,0.993,sit
8,13896,1360922892,10:08:12,26,20.298,20.321,0.774,0.88,0.762,227.5,226.5,16.9,4.111,0.741,0,NA,0,6.4,4.744,Inf,38,48,33.2,0.984,sit
9,13896,1360922918,10:08:38,31,19.354,19.774,6.119,2.474,0.543,201.71,203,23.813,4.88,1.483,0,NA,0,4.8,1.631,Inf,118,176,33.2,1,sit
10,13896,1360922949,10:09:09,29,18.477,18.278,0.784,0.886,0.659,203.517,203,0.616,0.785,1.483,0,NA,0,5.85,1.186,Inf,121,133,33.2,1.005,sit
11,13896,1360922978,10:09:38,41,18.423,18.409,0.56,0.748,0.474,204.463,204,0.505,0.711,0,0,NA,0,6.9,2.817,Inf,122,133,33,1.008,sit
2,13901,1360921678,09:47:58,85,15.278,19.663,85.244,9.233,0.99,207.729,215,308.89,17.575,1.483,1,5571.294,5840.703,4.6,6.672,7,13,307,30.1,1.009,sit
3,13901,1360921763,09:49:23,56,23.229,24.219,45.633,6.755,1.632,208.643,215,483.688,21.993,5.93,0,NA,0,0.25,0.297,Inf,3,59,30.1,1.014,sit
4,13901,1360921819,09:50:19,91,22.926,22.961,0.817,0.904,0.568,214.648,214,9.231,3.038,1.483,0,NA,0,6.5,2.224,Inf,0,0,30.3,1.005,sit
6,13901,1360921911,09:51:51,54,43.639,39.011,233.163,15.27,1.495,192.093,202,718.765,26.81,1.483,0,NA,0,0.1,0,Inf,2,11,30.5,1.01,sit
7,13901,1360921965,09:52:45,33,26.711,26.411,1.106,1.052,0.63,193.485,193,19.758,4.445,5.93,0,NA,0,0,0,Inf,0,0,30.6,1.025,sit
8,13901,1360921998,09:53:18,100,23.35,23.078,11.067,3.327,0.516,195.77,196,6.058,2.461,2.965,1,6921.868,7256.586,4.3,6.375,Inf,0,8,30.7,1.026,sit
9,13901,1360922098,09:54:58,23,22.636,22.098,8.355,2.891,1.655,188.826,193,134.241,11.586,4.448,0,NA,0,0.1,0,Inf,3,8,30.9,1.029,sit
10,13901,1360922121,09:55:21,56,10.268,5.741,99.421,9.971,0.915,159.107,151,379.625,19.484,1.483,2,2816.317,120.091,0.1,0.074,Inf,1,8,30.9,1.067,sit
11,13901,1360922177,09:56:17,35,16.399,14.117,15.966,3.996,1.204,196.086,205,331.904,18.218,1.483,0,NA,0,0.1,0.148,Inf,4,8,30.9,1.027,sit
12,13901,1360922212,09:56:52,34,15.817,22.075,520.96,22.825,10.69,173.118,190,972.592,31.186,20.756,1,1962.221,2057.108,0.1,0,Inf,4,8,30.9,1.033,sit
13,13901,1360922246,09:57:26,42,10.613,10.845,1.167,1.08,0.443,168.952,169,2.144,1.464,1.483,0,NA,0,0.1,0,Inf,5,5,30.9,1.042,sit
15,13901,1360922290,09:58:10,37,36.453,63.212,2336.585,48.338,13.844,99.703,82,2109.437,45.929,5.93,0,NA,0,0.15,0.148,Inf,217,320,30.8,1.032,sit
1,13893,1360919389,09:09:49,46,27.843,27.865,28.987,5.384,2.858,169.085,171,127.427,11.288,5.93,0,NA,0,0.1,0,Inf,272,304,16.6,1.041,drive
2,13893,1360919436,09:10:36,40,23.568,23.966,10.026,3.166,2.402,170.8,171,4.113,2.028,1.483,0,NA,0,0.2,0.148,Inf,176,200,18,1.037,drive
3,13893,1360919476,09:11:16,36,23.863,23.584,6.411,2.532,2.414,171.75,172,10.479,3.237,2.965,0,NA,0,1.5,1.26,Inf,212,256,19,1.021,drive
5,13893,1360919530,09:12:10,36,14.533,14.369,7.031,2.652,2.544,174.556,174,4.368,2.09,2.965,0,NA,0,0.1,0.074,Inf,259,272,20.3,1.041,drive
6,13893,1360919566,09:12:46,23,16.136,14.792,11.452,3.384,1.996,173.87,174,1.028,1.014,1.483,0,NA,0,23.7,0.148,Inf,273,285,20.8,1.038,drive
8,13893,1360919600,09:13:20,132,13.151,12.612,13.028,3.609,2.073,174.174,174,4.237,2.058,1.483,0,NA,0,0.2,0.148,Inf,219,291,22.2,1.03,drive
10,13893,1360919735,09:15:35,51,17.695,17.809,36.193,6.016,5.603,173.275,174,22.403,4.733,2.965,0,NA,0,0.1,0,Inf,193,264,23.3,1.037,drive
11,13893,1360919786,09:16:26,55,13.54,14.094,12.256,3.501,3.033,173.291,173,2.247,1.499,1.483,0,NA,0,0.1,0.074,4,202,237,23.8,1.037,drive
12,13893,1360919841,09:17:21,90,11.931,12.315,23.289,4.826,4.023,174.078,174,7.758,2.785,2.965,0,NA,0,2.4,3.113,Inf,173,224,24.4,1.038,drive
1,13894,1360918624,08:57:04,35,-12.309,-12.424,27.191,5.215,4.748,157.25,156,48.821,6.987,5.189,0,NA,0,0.1,0,Inf,185,296,18.9,1.055,drive
3,13894,1360918664,08:57:44,69,-11.064,-11.821,26.932,5.19,3.671,162.275,161,48.85,6.989,7.413,0,NA,0,0.1,0,Inf,288,325,20.1,1.044,drive
4,13894,1360918733,08:58:53,34,-7.439,-9.261,17.384,4.169,1.291,169.676,169,19.922,4.463,3.706,0,NA,0,0.1,0,Inf,334,344,20.9,1.045,drive
5,13894,1360918767,08:59:27,36,-10.8,-11.857,75.598,8.695,9.481,166.972,165.5,119.171,10.917,8.896,0,NA,0,0.1,0.148,Inf,329,344,21.5,1.055,drive
7,13894,1360918806,09:00:06,78,-11.522,-11.169,24.036,4.903,4.229,171.513,171,28.149,5.306,5.189,0,NA,0,0.1,0,Inf,309,339,22.3,1.041,drive
8,13894,1360918884,09:01:24,98,-13.273,-13.355,13.827,3.718,2.856,169.245,169,22.393,4.732,2.965,0,NA,0,0.15,0.222,17,289,325,23.3,1.042,drive
9,13894,1360918982,09:03:02,29,-11.376,-11.332,11.149,3.339,3.518,165.828,165,11.933,3.454,4.448,0,NA,0,4.55,6.598,Inf,280,309,23.9,1.067,drive
11,13894,1360919029,09:03:49,43,-13.085,-12.886,22.521,4.746,5.204,165.581,166,28.44,5.333,5.93,0,NA,0,0.1,0,Inf,294,309,24.4,1.065,drive
13,13894,1360919074,09:04:34,71,-12.669,-12.65,18.967,4.355,2.382,164.62,165,18.325,4.281,2.965,0,NA,0,0.3,0.297,Inf,283,317,24.7,1.053,drive
14,13894,1360919145,09:05:45,25,-13.948,-14.33,18.944,4.352,2.97,164.24,165,13.69,3.7,4.448,0,NA,0,0.1,0,Inf,290,317,25,1.048,drive
16,13894,1360919175,09:06:15,75,-11.676,-12.162,6.113,2.473,1.114,163.293,163,9.102,3.017,1.483,0,NA,0,6.15,2.002,Inf,275,309,25.3,1.056,drive
18,13894,1360919260,09:07:40,21,-3.058,-19.85,1926.048,43.887,57.139,112.667,110,3381.733,58.153,59.304,0,NA,0,0.1,0,Inf,194,419,25.5,1.061,drive
2,13896,1360918628,08:57:08,73,4.19,1.18,222.809,14.927,5.504,177.808,178,369.213,19.215,10.378,0,NA,0,0.1,0,Inf,219,419,21.4,1.055,drive
3,13896,1360918701,08:58:21,32,2.78,0.228,136.091,11.666,6.432,188.969,191,144.676,12.028,6.672,0,NA,0,0.1,0,Inf,235,291,22.3,1.031,drive
5,13896,1360918745,08:59:05,29,-0.641,-2.322,107.392,10.363,3.559,193.552,194,31.899,5.648,2.965,0,NA,0,0.1,0.074,Inf,300,312,22.9,1.067,drive
6,13896,1360918774,08:59:34,72,-1.277,-0.779,31.839,5.643,5.358,193.931,194,59.249,7.697,5.189,0,NA,0,0.1,0,Inf,282,387,23.5,1.031,drive
7,13896,1360918846,09:00:46,25,-0.392,0.363,49.784,7.056,6.548,196.4,193,56.167,7.494,7.413,0,NA,0,0.2,0.148,Inf,263,371,24,1.008,drive
9,13896,1360918881,09:01:21,57,0.752,0.365,7.366,2.714,2.335,194.982,195,22.482,4.742,4.448,0,NA,0,6.7,2.595,9,271,376,24.6,1.017,drive
11,13896,1360918941,09:02:21,50,1.399,1.842,11.938,3.455,3.469,196.18,196,29.742,5.454,2.965,0,NA,0,6.2,0.593,Inf,192,309,25.2,1.009,drive
12,13896,1360918991,09:03:11,26,-1.287,0.016,19.276,4.39,3.325,199.462,200.5,50.898,7.134,8.154,0,NA,0,5.6,1.631,Inf,219,288,25.5,1.023,drive
13,13896,1360919017,09:03:37,49,0.12,-0.744,15.51,3.938,3.172,194.694,196,21.759,4.665,4.448,0,NA,0,6.6,6.449,7,270,379,25.9,1.006,drive
14,13896,1360919066,09:04:26,36,1.817,1.744,5.071,2.252,1.423,192.972,194,24.256,4.925,2.965,0,NA,0,7.15,1.483,Inf,201,368,26.2,1.013,drive
15,13896,1360919102,09:05:02,42,0.26,-0.403,22.075,4.698,2.806,194.524,196,46.548,6.823,7.413,0,NA,0,0.1,0,Inf,255,357,26.3,1.044,drive
17,13896,1360919145,09:05:45,116,0.353,0.122,3.426,1.851,1.632,196.414,197,12.123,3.482,2.965,0,NA,0,6.7,1.186,Inf,224,376,26.7,1.007,drive
18,13896,1360919261,09:07:41,26,5.771,6.502,277.759,16.666,11.121,180.308,174,1349.022,36.729,34.841,1,600.334,629.364,0.1,0,Inf,314,389,27,1.089,drive
3,13892,1360919404,09:10:04,33,-3.44,-2.991,32.957,5.741,4.088,160.03,156,93.843,9.687,7.413,0,NA,0,0.2,0.148,Inf,240,333,16.3,1.095,drive
4,13892,1360919437,09:10:37,73,-4.475,-4.817,10.013,3.164,2.979,157.356,157,7.677,2.771,2.965,0,NA,0,20.7,1.186,Inf,161,211,17.9,1.049,drive
5,13892,1360919510,09:11:50,21,-8.685,-9.799,34.887,5.907,5.6,162.952,163,4.248,2.061,2.965,0,NA,0,0.1,0,Inf,194,213,19.2,1.063,drive
6,13892,1360919531,09:12:11,54,-3.377,-3.965,60.212,7.76,3.339,162.685,162.5,47.654,6.903,3.706,0,NA,0,10.8,2.372,Inf,211,453,20.1,1.066,drive
8,13892,1360919586,09:13:06,49,-4.89,-4.374,27.141,5.21,3.344,144.02,144,19.937,4.465,4.448,0,NA,0,6.45,9.489,Inf,282,296,21.2,1.039,drive
9,13892,1360919635,09:13:55,53,-4.161,-4.363,6.132,2.476,2.012,147.208,147,8.783,2.964,2.965,0,NA,0,11.8,1.927,Inf,282,307,22.2,1.062,drive
10,13892,1360919688,09:14:48,41,-4.953,-4.886,7.995,2.828,2.644,145.805,146,16.961,4.118,4.448,0,NA,0,7,9.34,Inf,274,307,22.9,1.059,drive
11,13892,1360919729,09:15:29,40,-7.2,-7.015,25.847,5.084,4.953,145.45,145,22.151,4.707,5.93,0,NA,0,0.1,0,Inf,288,307,23.5,1.055,drive
12,13892,1360919769,09:16:09,45,-9.22,-8.931,5.973,2.444,2.403,141.822,141,27.104,5.206,1.483,0,NA,0,0.2,0.148,1.667,300,307,23.9,1.049,drive
14,13892,1360919822,09:17:02,118,-5.205,-6.01,64.219,8.014,3.907,140.958,140,61.152,7.82,2.965,1,8181.933,8577.582,0.1,0.148,Inf,287,371,24.9,1.072,drive
1,13894,1357144799,16:39:59,20,-5.681,-7.985,272.387,16.504,11.938,234.952,238,292.048,17.089,10.378,0,NA,0,5.3,7.413,Inf,0,0,22.9,1.077,drive
2,13894,1357144820,16:40:20,106,14.363,9.314,154.419,12.427,6.564,261.811,272,477.088,21.842,14.085,1,2720.24,2851.781,0.2,0.222,Inf,0,0,22.8,0.992,drive
3,13894,1357144926,16:42:06,35,13.263,8.852,161.384,12.704,3.458,249.914,257,2984.022,54.626,10.378,0,NA,0,0.15,0.074,Inf,0,0,23,0.979,drive
4,13894,1357144961,16:42:41,50,26.537,29.379,101.596,10.079,2.969,240.76,234,387.207,19.678,7.413,1,3011.568,3157.197,0.2,0.297,Inf,0,0,23.1,1.017,drive
5,13894,1357145011,16:43:31,55,30.319,30.659,13.885,3.726,3.52,244.764,244,12.813,3.58,2.965,0,NA,0,5.2,7.042,Inf,0,0,23.1,0.98,drive
6,13894,1357145066,16:44:26,31,30.921,30.406,9.198,3.033,2.75,241.871,241,18.316,4.28,2.965,0,NA,0,1.5,0.445,Inf,0,0,23.1,0.991,drive
7,13894,1357145097,16:44:57,256,27.746,28.985,59.519,7.715,3.554,235.426,234,66.418,8.15,5.93,1,13342.398,13987.59,12.6,12.824,Inf,0,0,23.4,0.981,drive
8,13894,1357145353,16:49:13,60,6.603,7.455,43.041,6.561,2.735,289.367,288,127.389,11.287,11.119,0,NA,0,0.1,0,Inf,0,0,24,0.956,drive
9,13894,1357145413,16:50:13,33,9.72,6.767,69.433,8.333,1.587,292.545,299,327.443,18.095,4.448,0,NA,0,0.1,0,Inf,0,0,24.4,0.975,drive
11,13894,1357145450,16:50:50,54,-11.266,-18.618,275.166,16.588,8.565,230.093,224,433.859,20.829,9.637,1,509.824,534.477,0.1,0,Inf,0,0,24.5,1.016,drive
12,13894,1357145504,16:51:44,51,3.465,10.149,284.241,16.859,9.819,264.549,264,1119.893,33.465,47.443,2,2552.808,363.237,0.1,0,Inf,0,0,24.6,0.972,drive
13,13894,1357145555,16:52:35,20,5.512,5.623,4.199,2.049,1.914,294.2,295,14.695,3.833,3.706,1,1307.44,1370.664,0.1,0,Inf,0,0,24.6,0.969,drive
14,13894,1357145575,16:52:55,50,8.391,26.157,663.78,25.764,9.722,224.78,225.5,46.216,6.798,8.154,0,NA,0,4.2,6.227,Inf,0,0,24.8,0.993,drive
15,13894,1357145625,16:53:45,20,3.878,-2.334,207.033,14.389,4.346,236.75,235.5,149.145,12.212,9.637,1,966.615,1013.357,0.1,0,Inf,0,0,24.9,0.998,drive
16,13894,1357145645,16:54:05,21,9.541,16.863,357.241,18.901,9.538,250.905,251,168.19,12.969,14.826,0,NA,0,0.1,0,Inf,0,0,24.7,0.969,drive
17,13894,1357145666,16:54:26,22,11.673,8.873,341.173,18.471,22.021,233.227,221,1251.613,35.378,34.841,1,1115.107,1169.03,0.2,0.148,Inf,0,0,24.7,1.017,drive
19,13894,1357145697,16:54:57,47,8.582,7.872,796.588,28.224,31.742,210.149,234,7158.303,84.607,38.548,5,541.247,643.448,0.2,0.148,Inf,1,43,24.7,1.049,drive
2,13901,1358329271,09:41:11,122,-34.199,-43.623,1730.63,41.601,54.922,173.352,185.5,3034.263,55.084,83.767,1,2259.206,2368.454,0.2,0.148,22,23,93,29.4,1.037,cycle
3,13901,1358329393,09:43:13,20,-19.369,-8.943,373.741,19.332,8.468,215.15,229.5,3722.239,61.01,31.876,1,690.843,724.25,0.1,0,Inf,16,48,27.9,1.022,cycle
4,13901,1358329413,09:43:33,39,-48.415,-49.829,41.083,6.41,3.883,150.538,138,663.255,25.754,10.378,0,NA,0,0.15,0.148,Inf,55,75,27.5,1.054,cycle
5,13901,1358329452,09:44:12,42,-55.2,-58.04,160.472,12.668,4.426,125.119,115,1543.229,39.284,10.378,1,2646.701,2774.686,1.2,0.148,Inf,52,64,27.3,1.026,cycle
6,13901,1358329494,09:44:54,20,-58.728,-59.53,8.385,2.896,2.509,129.15,129.5,24.871,4.987,2.965,0,NA,0,1.3,0,Inf,57,61,27.1,1.031,cycle
7,13901,1358329514,09:45:14,58,-39.686,-39.557,18.53,4.305,2.7,141.672,140,416.856,20.417,8.154,0,NA,0,0.1,0.074,Inf,86,96,26.9,1.053,cycle
8,13901,1358329572,09:46:12,35,-36.319,-39.046,1017.946,31.905,33.966,188.743,185,1128.667,33.596,29.652,13,640.453,6.672,0.1,0,Inf,43,107,26.6,1.155,cycle
9,13901,1358329607,09:46:47,77,-38.772,-38.742,153.571,12.392,7.12,145.766,141,315.629,17.766,14.826,5,2898.932,60.045,0.1,0.148,Inf,81,107,26.4,1.065,cycle
11,13901,1358329695,09:48:15,63,-38.341,-40.329,121.157,11.007,4.888,157.698,149,774.472,27.829,11.861,1,4364.97,4576.045,0.2,0.148,Inf,77,93,26.2,1.068,cycle
12,13901,1358329758,09:49:18,33,-30.289,-38.359,286.467,16.925,7.279,153.273,155,1356.455,36.83,23.722,0,NA,0,0.1,0,Inf,84,109,26.1,1.139,cycle
13,13901,1358329791,09:49:51,28,0.834,6.373,249.932,15.809,4.118,155.214,157,40.175,6.338,4.448,0,NA,0,0.15,0.148,Inf,102,112,26.1,1.064,cycle
14,13901,1358329819,09:50:19,76,-2.895,-0.461,191.03,13.821,5.477,139.263,137.5,342.516,18.507,6.672,2,4177.737,47.443,0.1,0.148,Inf,36,101,25.9,1.087,cycle
15,13901,1358329895,09:51:35,60,0.484,-0.366,29.911,5.469,5.655,165.067,166,55.216,7.431,7.413,0,NA,0,0.2,0.148,Inf,84,96,26,1.048,cycle
17,13901,1358329964,09:52:44,79,7.824,9.237,184.03,13.566,5.696,181.38,179,1067.444,32.672,37.065,2,2186.823,1753.916,0.35,0.519,Inf,70,109,25.8,1.066,cycle
18,13901,1358330043,09:54:03,43,10.589,10.316,16.45,4.056,3.743,170.419,173,82.963,9.108,5.93,0,NA,0,0.1,0.148,Inf,104,112,25.8,1.042,cycle
19,13901,1358330086,09:54:46,89,-4.522,-0.47,173.402,13.168,3.306,218.382,228,1277.534,35.743,5.93,1,5021.165,5263.971,3.4,4.893,Inf,32,104,25.6,1.009,cycle
20,13901,1358330175,09:56:15,35,71.022,77.328,263.582,16.235,1.322,117.4,143,8832.247,93.98,5.93,3,1417.806,146.777,0.1,0.148,Inf,20,77,25.6,1.002,cycle
1,13894,1358329270,09:41:10,57,-70.451,-80.286,834.472,28.887,0.642,124.966,125,65.402,8.087,2.965,0,NA,0,23.9,20.46,1,26,96,29.3,1.036,cycle
3,13894,1358329345,09:42:25,73,-40.703,-44.664,425.674,20.632,21.066,191.288,216,8156.68,90.314,66.717,1,4828.832,5062.338,0.1,0,Inf,18,48,27.2,1.068,cycle
4,13894,1358329418,09:43:38,30,-41.285,-40.915,15.715,3.964,3.734,174.567,174.5,38.323,6.191,3.706,0,NA,0,1.2,0.445,Inf,32,37,26.4,1.026,cycle
5,13894,1358329448,09:44:08,65,-52.063,-52.435,66.736,8.169,3.992,128.569,125,876.687,29.609,7.413,0,NA,0,0.7,0.89,Inf,48,59,26,1.038,cycle
7,13894,1358329514,09:45:14,91,-33.87,-34.987,241.895,15.553,6.168,156.692,143,1143.193,33.811,11.861,7,1995.571,369.167,0.2,0.297,Inf,69,101,25.5,1.077,cycle
8,13894,1358329605,09:46:45,60,-30.882,-32.254,47.258,6.874,4.806,145.217,143,305.461,17.477,10.378,0,NA,0,0.2,0.148,Inf,78,104,25.2,1.053,cycle
9,13894,1358329665,09:47:45,31,10.566,30.837,1483.575,38.517,28.78,147.71,144,1162.48,34.095,17.791,4,609.877,354.341,0.1,0.148,Inf,60,91,25,1.05,cycle
10,13894,1358329696,09:48:16,99,-33.692,-37.334,156.026,12.491,5.135,146.101,143,172.01,13.115,11.861,0,NA,0,0.15,0.222,Inf,67,115,25,1.066,cycle
11,13894,1358329795,09:49:55,42,8.278,11.122,109.902,10.483,10.377,153.405,163.5,604.003,24.576,23.722,0,NA,0,0.1,0.148,Inf,33,91,24.9,1.07,cycle
12,13894,1358329837,09:50:37,36,9.88,9.366,12.382,3.519,3.536,147.861,148,20.98,4.58,3.706,0,NA,0,0.4,0.519,Inf,75,83,24.8,1.044,cycle
13,13894,1358329873,09:51:13,102,4.918,5.57,108.102,10.397,5.088,142.382,140,149.605,12.231,7.413,0,NA,0,0.1,0,Inf,70,91,24.8,1.056,cycle
14,13894,1358329975,09:52:55,25,5.099,4.737,7.548,2.747,2.364,146.44,145,24.423,4.942,5.93,0,NA,0,0.05,0.074,Inf,86,91,24.9,1.054,cycle
16,13894,1358330013,09:53:33,149,5.406,4.665,144.156,12.006,10.146,157.154,148,485.158,22.026,20.756,0,NA,0,0.2,0.148,Inf,61,96,24.9,1.041,cycle
18,13894,1358330171,09:56:11,50,9.644,12.364,469.725,21.673,5.779,210.7,228,2491.235,49.912,25.945,3,668.579,241.664,0.1,0,Inf,39,96,25.4,1.014,cycle
2,13899,1358330166,09:56:06,50,43.07,59.198,1460.825,38.221,29.237,102.72,104,1112.41,33.353,35.582,3,1084.915,1043.009,0.1,0.148,8,49,101,29.3,1.061,cycle
4,13899,1358330229,09:57:09,30,6.564,9.835,2198.689,46.89,62.642,168.1,164,2399.61,48.986,40.771,1,491.439,515.203,0.1,0,Inf,50,179,28,1.022,cycle
5,13899,1358330259,09:57:39,50,-13.098,-15.376,486.629,22.06,27.388,146.5,143.5,138.133,11.753,6.672,0,NA,0,0.1,0,Inf,58,115,27.7,1.057,cycle
6,13899,1358330309,09:58:29,129,2.995,13.33,417.217,20.426,5.398,164.628,165,168.86,12.995,10.378,0,NA,0,2.4,3.41,Inf,70,112,27.7,1.054,cycle
7,13899,1358330438,10:00:38,28,12.543,13.259,13.329,3.651,2.18,189.536,187.5,204.628,14.305,14.826,0,NA,0,1.2,0.815,Inf,62,83,27.7,1.052,cycle
8,13899,1358330466,10:01:06,38,4.188,3.071,14.672,3.83,2.428,147.5,146,136.851,11.698,5.93,0,NA,0,0.1,0,Inf,22,48,27.8,1.082,cycle
9,13899,1358330504,10:01:44,50,-11.443,-27.103,618.816,24.876,20.913,158.54,159,147.886,12.161,14.085,1,1414.921,1483.341,0.1,0.148,Inf,79,117,27.9,1.05,cycle
10,13899,1358330554,10:02:34,31,6.818,2.946,100.217,10.011,6.819,153.71,152,267.946,16.369,4.448,0,NA,0,0.3,0,Inf,20,96,28.1,1.062,cycle
12,13899,1358330597,10:03:17,25,-29.054,-32.361,526.904,22.954,7.934,155.44,152,293.007,17.117,10.378,2,905.399,892.525,0.1,0,Inf,80,93,28.7,1.081,cycle
13,13899,1358330622,10:03:42,28,11.809,12.458,37.511,6.125,5.859,169.071,163.5,370.735,19.254,8.896,0,NA,0,0.1,0,Inf,38,117,28.7,1.095,cycle
14,13899,1358330650,10:04:10,64,-1.744,11.752,645.439,25.405,6.6,180.172,183,565.129,23.772,11.119,2,2520.872,1684.234,2.5,3.558,Inf,65,123,28.7,1.045,cycle
15,13899,1358330714,10:05:14,59,1.485,14.261,709.882,26.644,12.429,178.407,179,659.211,25.675,19.274,0,NA,0,1.95,2.076,Inf,71,101,28.9,1.053,cycle
16,13899,1358330773,10:06:13,47,14.704,14.92,175.44,13.245,4.488,170.447,166,291.122,17.062,10.378,0,NA,0,0.15,0.148,Inf,79,128,29,1.055,cycle
17,13899,1358330820,10:07:00,51,66.76,77.171,606.519,24.628,0.485,129.059,130,2820.616,53.109,2.965,1,2580.233,2705.004,3.8,5.634,2,17,29,28.8,1.036,cycle
18,13899,1358330871,10:07:51,28,74.946,74.707,2.588,1.609,0.381,100.964,102,13.295,3.646,1.483,0,NA,0,0.1,0.074,3,11,19,28.3,1.05,cycle
19,13899,1358330899,10:08:19,24,12.33,15.927,734.608,27.104,22.235,26.708,4.5,5905.433,76.847,26.687,2,715.291,447.745,0.1,0,Inf,11,77,27.9,0.978,cycle
2,13897,1358330170,09:56:10,32,22.223,22.781,605.668,24.61,17.519,177.375,195.5,3879.016,62.282,80.06,4,795.882,564.871,0.2,0,Inf,48,104,31.8,1.064,cycle
3,13897,1358330202,09:56:42,42,3.808,10.802,1374.7,37.077,20.265,194.095,190.5,1134.527,33.683,37.065,4,860.146,464.054,0.2,0.148,Inf,49,101,30.8,1.008,cycle
5,13897,1358330247,09:57:27,36,-5.395,2.618,350.923,18.733,11.285,160.806,164.5,373.247,19.32,20.756,0,NA,0,0.3,0.297,Inf,59,104,30.2,1.073,cycle
6,13897,1358330283,09:58:03,33,-21.012,-26.487,274.842,16.578,10.656,141.879,145,144.297,12.012,8.896,0,NA,0,0.1,0.148,Inf,81,109,29.9,1.066,cycle
7,13897,1358330316,09:58:36,67,-5.132,-5.098,11.287,3.36,3.055,160.254,159,45.071,6.713,5.93,0,NA,0,0.1,0,Inf,1,85,30.1,1.073,cycle
8,13897,1358330383,09:59:43,50,-12.317,-5.762,187.492,13.693,9.027,150.64,149.5,54.194,7.362,3.706,0,NA,0,0.1,0,Inf,61,104,30.1,1.095,cycle
9,13897,1358330433,10:00:33,34,-2.96,0.406,167.894,12.957,2.956,141.676,144.5,100.65,10.032,9.637,0,NA,0,0.2,0.148,Inf,48,109,30.2,1.051,cycle
10,13897,1358330467,10:01:07,93,-4.399,4.729,388.127,19.701,8.583,150.667,150,195.377,13.978,11.861,1,3201.072,3355.865,0.1,0,Inf,42,107,30.4,1.056,cycle
12,13897,1358330562,10:02:42,50,0.674,10.725,524.683,22.906,9.534,144.46,144.5,172.743,13.143,8.896,0,NA,0,0.1,0.148,Inf,47,96,30.7,1.088,cycle
13,13897,1358330612,10:03:32,35,9.923,20.766,683.756,26.149,8.701,150.971,149,575.793,23.996,19.274,0,NA,0,0.1,0.074,Inf,44,88,30.6,1.117,cycle
14,13897,1358330647,10:04:07,43,-1.38,0.628,75.067,8.664,5.617,141.605,137,188.007,13.712,4.448,0,NA,0,0.1,0.148,Inf,48,112,30.5,1.066,cycle
15,13897,1358330690,10:04:50,50,-7.452,3.371,471.826,21.722,4.235,148.28,146,1349.553,36.736,8.154,0,NA,0,0.1,0,Inf,25,101,30.4,1.074,cycle
16,13897,1358330740,10:05:40,39,-18.585,-29.925,359.049,18.949,9.256,154.051,153,292.103,17.091,14.826,0,NA,0,0.1,0,Inf,61,96,31.1,1.088,cycle
17,13897,1358330779,10:06:19,55,-1.266,1.894,224.32,14.977,8.441,158.382,162,2841.722,53.308,19.274,3,1026.722,935.521,0.1,0,Inf,23,101,31.5,1.053,cycle
18,13897,1358330834,10:07:14,36,-76.629,-77.478,29.347,5.417,0.537,128.222,132,477.206,21.845,1.483,0,NA,0,37.9,10.971,0.2,26,27,31.3,1.019,cycle
19,13897,1358330870,10:07:50,29,-79.204,-79.393,1.562,1.25,0.635,92.069,87,592.638,24.344,4.448,0,NA,0,40.4,9.489,0.333,26,27,30.6,1.026,cycle
2,13899,1358339389,12:29:49,60,-7.572,-6.902,361.897,19.024,7.261,132.233,143,3511.165,59.255,12.602,3,1504.868,1105.278,0.2,0.297,1.75,97,139,24.6,1.07,cycle
4,13899,1358339451,12:30:51,42,-7.058,-5.396,1415.583,37.624,33.695,56.905,46,1714.771,41.41,30.393,3,588.47,733.146,0.4,0.593,Inf,39,133,25,0.987,cycle
5,13899,1358339493,12:31:33,39,14.648,13.713,17.945,4.236,4.761,122.026,121,32.815,5.728,4.448,0,NA,0,0.1,0.074,Inf,123,128,25.5,1.076,cycle
6,13899,1358339532,12:32:12,64,27.49,25.732,211.448,14.541,13.652,97.062,91,1503.425,38.774,51.15,8,823.119,443.297,1.2,1.186,Inf,73,128,26.2,1.048,cycle
7,13899,1358339596,12:33:16,27,7.052,-0.482,533.685,23.102,24.958,61.593,57,1363.328,36.923,32.617,0,NA,0,0.8,0.89,Inf,44,125,26.6,0.999,cycle
8,13899,1358339623,12:33:43,99,13.809,14.378,412.223,20.303,13,83.848,91,1727.375,41.562,44.478,13,1384.153,331.361,0.95,0.89,Inf,73,125,27,1.085,cycle
10,13899,1358339734,12:35:34,21,15.099,27.547,1576.537,39.706,26.509,81.095,73,2276.89,47.717,42.995,5,297.55,213.494,0.6,0.148,Inf,47,123,27.4,1.005,cycle
11,13899,1358339755,12:35:55,82,16.217,7.03,514.409,22.681,7.861,134.049,139.5,1976.615,44.459,11.119,3,2129.502,2080.829,0.1,0,14,109,128,27.7,1.066,cycle
12,13899,1358339837,12:37:17,31,19.915,11.055,990.15,31.467,32.916,54,52,1209,34.771,11.861,1,2021.618,2119.377,0.2,0.297,Inf,25,72,28.2,0.999,cycle
14,13899,1358339873,12:37:53,41,6.494,6.151,21.338,4.619,3.404,137.073,132,148.07,12.168,5.93,0,NA,0,0.1,0,Inf,121,128,28.5,1.06,cycle
15,13899,1358339914,12:38:34,61,29.631,24.093,404.303,20.107,9.215,134.492,144,1702.554,41.262,7.413,2,3463.237,10.378,0.1,0.148,Inf,101,123,28.8,1.116,cycle
16,13899,1358339975,12:39:35,76,7.568,9.802,259.622,16.113,16.556,97.132,102,2741.076,52.355,68.2,2,1680.66,2201.661,0.1,0,Inf,73,123,29.2,1.083,cycle
2,13897,1358339400,12:30:00,41,10.062,4.601,456.062,21.356,18.279,178.415,165,1329.799,36.466,44.478,2,1237.106,1792.463,0.1,0,Inf,55,112,26.7,1.132,cycle
3,13897,1358339441,12:30:41,52,4.677,6.51,1263.895,35.551,39.298,214.712,222.5,1875.582,43.308,28.911,7,439.532,446.263,0.1,0,Inf,27,101,27.2,1.045,cycle
4,13897,1358339493,12:31:33,57,-16.015,-18.79,284.626,16.871,9.215,166.737,166,442.233,21.029,20.756,2,506.188,234.251,0.25,0.371,Inf,72,117,27.7,1.062,cycle
5,13897,1358339550,12:32:30,84,-7.202,-11.434,1068.28,32.685,25.66,214.762,225,1534.232,39.169,37.806,4,725.753,173.464,0.9,0.593,Inf,35,109,28.3,1.04,cycle
6,13897,1358339634,12:33:54,35,-14.866,-14.185,42.732,6.537,5.893,174.943,169,159.408,12.626,4.448,0,NA,0,1.4,0,5,60,83,28.7,1.055,cycle
7,13897,1358339669,12:34:29,82,-6.832,-3.569,926.802,30.443,33.95,222.024,234,2433.308,49.329,30.393,13,668.925,214.977,0.4,0.445,Inf,22,93,29.1,0.975,cycle
8,13897,1358339751,12:35:51,60,-23.319,-14.497,503.827,22.446,11.123,178.883,166,1749.156,41.823,13.343,1,3954.848,4146.091,0.2,0.148,Inf,66,99,29.4,1.115,cycle
9,13897,1358339811,12:36:51,26,-7.631,-7.843,61.131,7.819,3.677,172.769,172,12.425,3.525,2.965,0,NA,0,2.95,3.262,Inf,64,85,29.5,1.072,cycle
10,13897,1358339837,12:37:17,32,-22.873,-12.664,1766.24,42.027,39.792,234.219,234,1198.176,34.615,22.239,3,829.346,384.735,0.1,0.148,Inf,24,77,29.6,1.002,cycle
11,13897,1358339869,12:37:49,45,-13.321,-13.126,38.508,6.205,5.684,171.422,172,39.84,6.312,4.448,0,NA,0,1.5,1.038,Inf,65,91,29.7,1.081,cycle
13,13897,1358339918,12:38:38,40,-17.414,-11.75,128.469,11.334,6.468,163.025,162,147.871,12.16,5.189,0,NA,0,1.5,1.779,Inf,78,91,30,1.059,cycle
14,13897,1358339958,12:39:18,79,-11.159,-12.591,379.965,19.493,10.4,195,178,2734.821,52.296,31.135,5,1518.322,731.663,0.1,0,Inf,47,93,30.2,1.052,cycle
16,13897,1358340051,12:40:51,125,-78.726,-78.849,1.655,1.287,0.552,131.08,132,61.881,7.866,1.483,0,NA,0,15.3,15.716,2,29,29,29.2,1.021,cycle
2,13894,1358340151,12:42:31,76,-14.832,-3.954,1785.166,42.251,37.644,192.224,198,1396.283,37.367,31.135,13,483.048,383.993,0.15,0.222,Inf,32,96,25.9,1.053,cycle
3,13894,1358340227,12:43:47,56,6.321,10.168,419.383,20.479,8.307,203.964,211.5,1439.235,37.937,10.378,2,1904.864,1682.751,1.25,1.631,Inf,29,117,25.8,1.038,cycle
4,13894,1358340283,12:44:43,31,13.502,20.81,343.734,18.54,11.554,177.613,186,648.445,25.465,11.861,0,NA,0,0.2,0.148,Inf,39,115,26.1,1.069,cycle
5,13894,1358340314,12:45:14,49,-4.231,-2.332,140.775,11.865,12.088,148.857,150,77.917,8.827,5.93,0,NA,0,0.15,0.074,Inf,91,117,26.1,1.082,cycle
6,13894,1358340363,12:46:03,44,10.86,12.828,435.392,20.866,9.153,212.182,221,2525.501,50.254,18.532,4,964.761,480.362,0.2,0.297,Inf,19,45,26.3,1.011,cycle
7,13894,1358340407,12:46:47,58,3.568,6.43,471.954,21.725,6.725,151.672,144.5,937.557,30.62,11.861,1,3727.16,3907.392,0.2,0.148,Inf,54,112,26.5,1.068,cycle
8,13894,1358340465,12:47:45,37,-33.189,-23.905,520.631,22.817,14.001,155.351,149,1396.401,37.368,16.309,0,NA,0,0.85,1.112,Inf,72,115,26.8,1.038,cycle
9,13894,1358340502,12:48:22,26,-17.873,-16.257,23.4,4.837,5.289,149.423,149,28.014,5.293,4.448,0,NA,0,1.6,1.26,Inf,99,112,26.8,1.047,cycle
10,13894,1358340528,12:48:48,36,-21.399,-20.787,865.092,29.412,22.66,167.889,160.5,1851.759,43.032,40.771,3,1057.18,310.605,0.55,0.667,Inf,54,128,26.9,0.997,cycle
11,13894,1358340564,12:49:24,35,-25.588,-17.37,1299.532,36.049,40.273,177,184,2441.412,49.411,40.03,1,212.839,223.131,0.85,1.112,Inf,47,107,26.9,1.076,cycle
12,13894,1358340599,12:49:59,30,-22.748,-20.056,316.966,17.804,7.062,176.6,181,1632.317,40.402,9.637,1,2003.234,2100.103,3.4,4.744,Inf,46,99,26.9,1.082,cycle
13,13894,1358340629,12:50:29,21,-12.461,-12.629,21.189,4.603,2.786,163.524,163,28.362,5.326,2.965,0,NA,0,0.2,0.148,2,75,83,26.9,1.062,cycle
14,13894,1358340650,12:50:50,66,-12.863,0.001,1949.357,44.152,56.952,206.485,218,1457.484,38.177,25.945,8,966.856,415.128,0.15,0.222,Inf,23,77,27,1.093,cycle
16,13894,1358340717,12:51:57,69,-8.522,-12.405,257.819,16.057,10.466,160.942,161,345.114,18.577,11.861,0,NA,0,0.1,0,Inf,76,115,27.1,1.061,cycle
18,13894,1358340796,12:53:16,20,-38.81,-47.443,1223.932,34.985,34.112,206.1,205,4481.884,66.947,52.632,0,NA,0,0.2,0.148,Inf,23,128,27.1,1.079,cycle
1,13895,1358340141,12:42:21,36,5.766,7.963,625.459,25.009,12.666,152.973,136,4925.249,70.18,16.309,0,NA,0,0.1,0.148,Inf,76,131,26.4,1.023,cycle
2,13895,1358340178,12:42:58,104,3.488,4.76,249.046,15.781,7.923,235.942,237,630.968,25.119,8.896,8,1593.874,545.597,0.2,0.148,Inf,19,69,26.2,1.026,cycle
3,13895,1358340282,12:44:42,33,9.542,12.599,85.676,9.256,6.923,223.333,221,566.479,23.801,28.169,0,NA,0,0.2,0.148,Inf,28,112,26.6,1.011,cycle
4,13895,1358340315,12:45:15,143,6.121,7.399,128.976,11.357,10.673,208.895,228,2088.151,45.696,37.065,3,2796.474,3459.647,0.2,0.148,Inf,52,131,27.1,1.009,cycle
5,13895,1358340458,12:47:38,44,-30.921,-25.988,952.537,30.863,26.939,171.114,150.5,1347.684,36.711,18.532,1,231.224,242.405,0.1,0.148,Inf,67,117,27.6,1.058,cycle
6,13895,1358340502,12:48:22,39,-7.956,-7.233,21.425,4.629,3.886,152.308,152,225.955,15.032,10.378,0,NA,0,4.95,6.301,Inf,107,117,27.7,1.057,cycle
7,13895,1358340541,12:49:01,51,3.974,2.736,2355.943,48.538,57.639,188.373,197,3385.838,58.188,72.647,5,1001.965,461.089,0.2,0.148,Inf,34,101,27.9,1.111,cycle
8,13895,1358340592,12:49:52,35,-23.348,-19.165,340.702,18.458,12.755,155.029,151,1800.97,42.438,20.756,1,1276.328,1338.046,0.25,0.222,Inf,88,120,27.9,1.075,cycle
9,13895,1358340627,12:50:27,23,-7.466,-8.087,10.646,3.263,3.311,150.87,154,106.119,10.301,5.93,0,NA,0,27.1,0.89,0,104,112,27.9,1.046,cycle
10,13895,1358340650,12:50:50,43,-0.619,9.51,961.697,31.011,12.014,211.814,233,2751.441,52.454,17.791,2,1506.43,631.588,0.1,0,Inf,30,133,28.1,1.097,cycle
11,13895,1358340693,12:51:33,24,-12.216,-22.677,2248.928,47.423,53.815,190.042,189.5,1488.737,38.584,30.393,4,297.175,225.355,0.1,0,Inf,41,101,28,1.001,cycle
12,13895,1358340717,12:51:57,90,-14.643,-13.821,438.818,20.948,13.393,152.3,149,408.639,20.215,11.119,3,3825.08,560.423,0.2,0.148,Inf,98,179,28.1,1.1,cycle
2,13894,1358343282,13:34:42,49,-66.636,-78.569,835.481,28.905,0.678,163.816,180,3885.32,62.332,2.965,2,2494.045,266.868,28.75,11.713,0.333,48,80,27.2,1.001,swim
3,13894,1358343331,13:35:31,65,26.267,27.701,370.82,19.257,20.077,144.938,155,4078.434,63.863,77.095,8,256.368,274.281,0.1,0,Inf,43,91,27.4,1.015,swim
4,13894,1358343396,13:36:36,62,16.598,24.017,713.787,26.717,15.741,167.71,158,1675.029,40.927,32.617,10,566.992,287.624,0.2,0.148,Inf,34,96,28.2,1.029,swim
5,13894,1358343458,13:37:38,57,16.257,45.122,2359.513,48.575,23.242,123.596,125,3402.316,58.329,63.752,6,593.9,352.859,0.15,0.074,Inf,58,139,28.4,1.289,swim
6,13894,1358343515,13:38:35,100,-26.978,-32.3,1150.696,33.922,39.064,139.85,141,4970.856,70.504,77.837,21,439.189,256.49,0.5,0.593,Inf,44,165,28.7,1.462,swim
7,13894,1358343615,13:40:15,33,-19.982,-17.293,929.067,30.481,32.958,160.758,159,1934.877,43.987,51.891,8,315.829,213.494,1.4,0,Inf,43,152,28.7,1.422,swim
8,13894,1358343648,13:40:48,38,-5.082,-12.062,727.437,26.971,33.231,141.132,142.5,870.982,29.512,34.841,18,117.089,102.299,0.5,0,Inf,62,147,28.7,1.104,swim
10,13894,1358343702,13:41:42,70,-8.962,-11.938,475.575,21.808,14.621,140.043,144.5,1755.375,41.897,51.891,35,134.696,98.593,0.5,0,Inf,54,107,28.9,1.178,swim
11,13894,1358343772,13:42:52,49,-2.46,-5.319,792.204,28.146,24.595,133.878,138,1745.86,41.783,57.821,21,183.287,131.21,0.5,0,Inf,63,152,29,1.166,swim
12,13894,1358343821,13:43:41,43,-0.353,-4.782,1179.775,34.348,50.989,135.721,141,665.158,25.791,20.756,22,120.251,88.956,0.5,0,Inf,58,128,29,1.106,swim
13,13894,1358343864,13:44:24,60,-1.507,-8.012,816.475,28.574,30.757,143.067,146,873.08,29.548,28.169,23,197.267,157.897,0.5,0,Inf,70,168,29,1.142,swim
14,13894,1358343924,13:45:24,87,-7.818,-12.277,764.699,27.653,22.964,155.609,159,1618.194,40.227,40.03,31,262.476,159.38,0.5,0,Inf,54,179,29.2,1.136,swim
15,13894,1358344011,13:46:51,35,6.212,12.955,2123.06,46.077,50.893,135.457,141,1602.314,40.029,53.374,8,267.877,327.655,0.2,0.074,Inf,83,203,29.1,1.256,swim
16,13894,1358344046,13:47:26,45,0.763,4.534,1660.021,40.743,53.908,162.778,158,5871.586,76.626,72.647,6,415.93,553.01,0.35,0.148,Inf,48,187,29,1.144,swim
2,13901,1358342353,13:19:13,27,8.498,3.765,1656.16,40.696,58.086,123.148,149,10064.977,100.324,87.473,1,457.498,479.621,0.1,0,Inf,25,72,27.9,1.168,swim
3,13901,1358342380,13:19:40,65,-3.3,-3.621,222.132,14.904,11.053,214.646,213,1316.857,36.289,32.617,2,2530.541,2005.958,0.1,0,Inf,29,72,27.5,1.043,swim
4,13901,1358342445,13:20:45,24,-18.788,-22.139,1491.58,38.621,61.469,193,221,8825.478,93.944,60.787,3,457.861,418.093,0.1,0.148,Inf,59,141,27.7,1.094,swim
5,13901,1358342469,13:21:09,80,16.861,12.918,889.052,29.817,30.309,196.5,206.5,2538.025,50.379,42.254,4,1091.843,714.613,0.2,0.148,Inf,78,171,27.7,1.028,swim
6,13901,1358342549,13:22:29,24,21.139,14.231,934.047,30.562,32.507,200.167,187,1722.058,41.498,38.548,5,302.223,467.019,0.1,0,Inf,71,85,27.9,1.131,swim
7,13901,1358342573,13:22:53,118,-17.092,-19.717,1679.388,40.98,45.538,142.992,150,4660.248,68.266,56.339,20,551.917,268.351,0.6,0.741,Inf,67,181,28.7,1.726,swim
8,13901,1358342691,13:24:51,41,-26.384,-26.29,1155.426,33.992,34.962,158.878,147,3649.36,60.41,41.513,4,675.953,673.1,0.5,0.297,Inf,71,213,29.3,1.337,swim
9,13901,1358342732,13:25:32,58,-28.214,-32.3,982.565,31.346,35.628,144.259,143.5,2583.985,50.833,26.687,6,751.258,639.001,0.5,0.148,Inf,61,187,29.3,1.475,swim
10,13901,1358342790,13:26:30,43,-23.293,-25.048,1746.367,41.79,42.482,144.721,157,6170.635,78.553,78.578,10,290.424,275.764,0.5,0,Inf,41,152,29.5,1.566,swim
11,13901,1358342833,13:27:13,45,-11.529,-11.223,548.091,23.411,26.331,185.667,222,7719.409,87.86,45.961,5,900.284,274.281,1.3,0.297,Inf,34,139,29.5,1.213,swim
12,13901,1358342878,13:27:58,102,-30.544,-34.246,1285.122,35.849,42.509,155.245,156,3924.385,62.645,55.597,15,482.223,489.258,0.5,0.593,Inf,44,144,29.5,1.404,swim
14,13901,1358342994,13:29:54,97,-5.294,-10.841,956.438,30.926,35.159,138.639,143,1207.275,34.746,32.617,37,185.075,74.871,0.5,0,Inf,64,141,29.5,1.098,swim
15,13901,1358343091,13:31:31,24,5.633,-15.164,994.297,31.532,23.896,139.958,129.5,1464.824,38.273,38.548,7,121.902,89.697,0.5,0,Inf,71,139,29.5,1.172,swim
16,13901,1358343115,13:31:55,44,-27.546,-26.758,1339.792,36.603,39.822,144.136,146,3942.911,62.793,60.787,8,280.74,260.938,0.5,0.148,Inf,54,152,29.5,1.58,swim
17,13901,1358343159,13:32:39,32,-37.134,-40.995,1030.428,32.1,32.769,158.406,150.5,5327.346,72.989,59.304,4,489.146,320.242,0.5,0.148,Inf,50,152,29.5,1.438,swim
19,13901,1358343199,13:33:19,106,4.604,5.603,933.847,30.559,32.982,157.991,167,2393.648,48.925,45.961,19,503.837,384.735,0.3,0.148,Inf,43,104,29.5,1.084,swim
20,13901,1358343305,13:35:05,24,-1.112,0.337,221.016,14.867,15.516,134.042,134,1578.303,39.728,6.672,1,1003.385,1051.905,0.1,0,Inf,7,96,29.5,1.196,swim
21,13901,1358343329,13:35:29,22,-10.708,-9.114,407.162,20.178,21.567,176.591,162,2685.872,51.825,34.841,16,167.379,14.826,0.8,0,Inf,0,0,29.5,1.414,swim
2,13893,1358342875,13:27:55,51,4.784,6.274,547.928,23.408,14.765,62.882,58,4619.146,67.964,63.752,2,1218.307,802.087,0.1,0.148,Inf,20,77,26.1,1.053,swim
3,13893,1358342926,13:28:46,34,0.374,0.703,60.475,7.777,7.164,53.029,47.5,638.332,25.265,16.309,4,807.252,268.351,0.1,0,Inf,15,67,26.1,1.07,swim
4,13893,1358342960,13:29:20,25,-16.554,-17.948,1531.952,39.14,56.274,78.72,58,3284.543,57.311,50.408,3,500.888,160.862,0.1,0.074,Inf,35,72,26.3,1.045,swim
5,13893,1358342985,13:29:45,20,-0.967,-3.729,311.997,17.663,15.512,66.15,70.5,360.029,18.974,16.309,0,NA,0,0.2,0.148,Inf,43,59,26.5,1.102,swim
6,13893,1358343005,13:30:05,32,43.193,54.648,1075.274,32.791,16.188,85.406,36.5,13544.314,116.38,63.752,2,1188.785,942.934,0.1,0,Inf,30,109,26.7,0.989,swim
7,13893,1358343037,13:30:37,36,9.56,8.486,325.897,18.053,9.591,60,55,738.286,27.171,28.169,3,858.702,756.867,0.15,0.148,Inf,20,40,27,1.023,swim
8,13893,1358343073,13:31:13,40,31.032,34.969,1390.483,37.289,40.354,60.5,30,8109.897,90.055,51.15,2,1653.243,671.618,0.4,0.297,Inf,25,72,27.3,1.03,swim
9,13893,1358343113,13:31:53,74,-27.459,-26.941,1051.265,32.423,33.873,72.595,3,16008.738,126.526,47.443,7,671.721,621.209,0.6,0.148,Inf,26,112,27.8,1.488,swim
10,13893,1358343187,13:33:07,161,-28.261,-34.093,1321.564,36.353,37.109,62.534,23,11745.663,108.377,59.304,10,1727.719,1460.361,0.5,0.148,Inf,15,107,27.9,1.508,swim
11,13893,1358343348,13:35:48,49,-14.959,-17.172,475.977,21.817,20.133,77.245,73,3835.314,61.93,50.408,17,262.729,135.658,0.4,0,Inf,46,141,27.9,1.246,swim
12,13893,1358343397,13:36:37,116,-26.742,-31.66,1440.771,37.957,36.797,100.198,35.5,16591.291,128.807,82.284,9,1570.355,507.049,0.5,0.519,Inf,17,64,27.9,1.367,swim
13,13893,1358343513,13:38:33,44,1.843,-6.855,856.168,29.26,27.1,81,17,16463.395,128.31,35.582,15,220.323,118.608,0.5,0,Inf,10,51,27.9,1.049,swim
14,13893,1358343557,13:39:17,255,-6.171,-7.917,1256.539,35.448,41.033,72.894,18,14732.575,121.378,40.03,46,523.546,348.411,0.5,0.148,Inf,12,75,27.9,1.172,swim
15,13893,1358343812,13:43:32,22,16.677,25.073,924.365,30.403,24.504,82.136,60,5729.076,75.691,64.493,1,1321.583,1385.49,0.2,0.148,Inf,24,77,28,1.093,swim
16,13893,1358343834,13:43:54,30,10.086,-0.751,675.337,25.987,16.89,147.3,144.5,2061.597,45.405,32.617,12,374.295,40.03,0.8,0.148,Inf,19,43,27.9,1.142,swim
1,13897,1358342350,13:19:10,57,84.841,84.818,0.306,0.554,0.553,101.655,102,25.739,5.073,5.93,0,NA,0,24.2,24.759,1,29,35,29.7,1.012,swim
3,13897,1358342410,13:20:10,72,-18.513,-14.791,813.44,28.521,21.53,54.625,45,1382.35,37.18,34.841,11,607.147,275.764,0.2,0.148,Inf,22,83,29.2,1.078,swim
4,13897,1358342482,13:21:22,39,35.081,38.544,1079.401,32.854,33.459,96.769,61,12022.34,109.646,54.856,3,1036.681,592.299,0.1,0.074,Inf,32,80,29.7,1.009,swim
6,13897,1358342523,13:22:03,338,-16.185,-16.468,1292.586,35.953,38.629,70.092,32,11730.974,108.31,65.234,43,956.771,290.59,0.5,0.445,Inf,22,136,31.1,1.368,swim
7,13897,1358342861,13:27:41,25,-1.019,-11.117,995.53,31.552,23.068,45.12,36,3523.777,59.361,47.443,15,110.904,57.821,0.4,0,Inf,31,128,31.4,1.224,swim
8,13897,1358342886,13:28:06,316,-13.381,-18.004,1361.404,36.897,35.015,86.351,15.5,17964.971,134.033,57.821,48,688.651,323.207,0.5,0,Inf,14,85,31.6,1.177,swim
10,13897,1358343221,13:33:41,88,0.898,-1.6,1145.01,33.838,39.632,66.227,24.5,10729.902,103.585,63.01,15,610.709,328.396,0.35,0.222,Inf,19,117,31.8,1.093,swim
11,13897,1358343309,13:35:09,34,13.275,10.202,591.455,24.32,22.432,144.441,125,3355.648,57.928,38.548,10,676.858,75.613,0.1,0.148,Inf,6,53,31.5,1.406,swim
1,13896,1361023354,14:02:34,467,-49.624,-55.961,747.559,27.342,22.135,181.859,204,7486.1,86.522,65.234,86,613.321,318.759,0.4,0.445,Inf,27,85,24.9,1.444,active
2,13896,1361023822,14:10:22,96,-45.342,-51.541,949.696,30.817,25.127,186.49,207,8238.4,90.766,57.08,8,704.643,917.729,0.85,0.89,Inf,26,69,24.7,1.604,active
3,13896,1361023918,14:11:58,21,-50.441,-55.379,404.305,20.107,25.058,171.81,177,3227.362,56.81,72.647,2,353.656,158.638,0.1,0,Inf,22,37,25,1.211,active
4,13896,1361023939,14:12:19,29,0.701,-15.592,2746.29,52.405,64.701,221.966,240,2151.249,46.382,44.478,1,1458.761,1529.302,0.3,0.297,Inf,18,35,25,1.112,active
1,13894,1361023357,14:02:37,199,-41.819,-52.983,1333.126,36.512,25.598,183.2,204,7367.045,85.831,65.234,39,629.664,275.022,0.95,0.89,Inf,48,77,21.8,1.281,active
2,13894,1361023557,14:05:57,88,-38.28,-48.305,1192.732,34.536,26.913,169.398,193.5,8769.231,93.644,73.389,22,395.315,226.838,0.3,0.445,Inf,49,75,21.5,1.439,active
3,13894,1361023645,14:07:25,63,-38.545,-43.617,1132.597,33.654,27.236,202.095,217,4916.636,70.119,48.926,15,357.542,291.331,1.1,0.148,Inf,51,80,21.3,1.238,active
5,13894,1361023713,14:08:33,132,-44.141,-58.209,1250.958,35.369,21.19,178.409,204,8564.076,92.542,71.906,25,403.455,258.714,0.7,0.741,Inf,51,72,21.1,1.294,active
6,13894,1361023845,14:10:45,30,-45.264,-55.967,1083.99,32.924,19.118,172.167,197,7013.385,83.746,52.632,5,417.116,264.644,0.8,0.593,Inf,53,75,21,1.265,active
7,13894,1361023875,14:11:15,37,-37.98,-59.738,1986.128,44.566,20.936,209.514,221,5185.868,72.013,37.065,8,359.303,351.376,0.1,0.074,Inf,53,75,21,1.487,active
8,13894,1361023912,14:11:52,76,-22.399,-28.106,1591.394,39.892,46.705,203.105,209,4378.362,66.169,61.528,11,1247.36,302.45,0.1,0.074,Inf,31,77,20.9,1.116,active
2,13900,1361021760,13:36:00,105,-25.021,-23.701,1285.672,35.856,45.763,220.419,221,2796.803,52.885,22.239,28,316.973,277.246,0.1,0.148,Inf,19,32,25.6,1.039,active
3,13900,1361021865,13:37:45,38,-15.589,-8.837,1688.378,41.09,52.857,215.763,217.5,1228.023,35.043,17.791,18,215.387,106.747,0.1,0,Inf,21,45,25,1.126,active
4,13900,1361021903,13:38:23,65,-11.045,1.875,1687.88,41.084,41.064,206.538,213,2389.252,48.88,23.722,16,372.211,296.52,0.1,0.074,Inf,23,43,24.7,1.068,active
5,13900,1361021968,13:39:28,23,-23.451,-7.561,1939.76,44.043,61.918,212.043,221,3381.68,58.152,23.722,5,593.291,46.702,0.2,0,Inf,24,43,24.5,1.144,active
6,13900,1361021991,13:39:51,69,47.9,48.741,136.54,11.685,6.463,153.406,146,916.774,30.278,14.826,24,231.476,148.26,0.1,0.148,Inf,29,53,24.2,1.021,active
7,13900,1361022060,13:41:00,27,-41.162,-54.264,1277.995,35.749,20.987,205.63,229,9913.088,99.564,59.304,11,140.673,121.573,0.3,0.148,Inf,19,56,24,1.205,active
8,13900,1361022087,13:41:27,38,-41.909,-51.991,1083.363,32.914,27.328,235.211,233,541.522,23.271,20.756,25,102.45,111.936,0.45,0.519,Inf,19,43,23.9,1.15,active
9,13900,1361022125,13:42:05,23,-39.254,-48.354,987.027,31.417,33.748,214.913,215,4135.356,64.307,35.582,2,759.564,68.2,0.1,0.148,Inf,22,35,23.7,1.093,active
10,13900,1361022148,13:42:28,41,-19.988,-21.074,1639.46,40.49,53.227,220.829,214,1105.795,33.253,22.239,9,349.561,340.257,0.1,0,Inf,26,61,23.7,1.072,active
11,13900,1361022189,13:43:09,27,-33.495,-56.051,1512.444,38.89,38.249,218.63,230,3541.011,59.506,19.274,9,205.88,238.699,0.1,0,Inf,22,61,23.7,1.112,active
13,13900,1361022229,13:43:49,63,-51.524,-67.349,976.764,31.253,14.931,218.587,221,1067.569,32.674,16.309,32,171.958,109.712,0.3,0.148,Inf,19,32,23.4,1.018,active
15,13900,1361022296,13:44:56,64,-10.651,2.541,1512.775,38.894,35.466,212.266,223,4890.865,69.935,29.652,11,918.142,315.794,0.1,0,Inf,19,59,23.3,1.042,active
1,13893,1361021749,13:35:49,20,-45.139,-44.748,470.389,21.688,23.568,235.381,226,912.748,30.212,25.204,7,171.885,203.116,0.4,0.445,Inf,24,51,23.7,1.194,active
3,13893,1361021783,13:36:23,57,-46.154,-45.983,634.873,25.197,24.482,231.105,236,2238.453,47.312,25.204,19,243.095,100.817,0.3,0.297,Inf,25,56,23.5,1.281,active
4,13893,1361021840,13:37:20,21,-59.71,-70.912,897.101,29.952,20.894,212.952,249,10000.848,100.004,42.995,7,242.776,74.13,0.2,0.148,Inf,20,40,23.4,1.027,active
5,13893,1361021861,13:37:41,32,-43.318,-47.63,972.084,31.178,31.242,231.906,240.5,1508.862,38.844,24.463,8,394.106,186.808,0.4,0.297,Inf,25,45,23.1,1.285,active
6,13893,1361021893,13:38:13,46,-44.207,-43.17,445.153,21.099,21.428,229.109,249.5,4800.232,69.284,26.687,17,329.924,138.623,0.25,0.371,Inf,25,56,23.1,1.168,active
7,13893,1361021939,13:38:59,58,-44.516,-50.75,772.695,27.797,27.42,196.397,232,10094.735,100.473,35.582,20,250.343,176.429,0.35,0.371,Inf,25,51,22.9,1.306,active
8,13893,1361021997,13:39:57,65,-34.505,-39.657,1234.453,35.135,40.163,201.246,235,6985.938,83.582,37.065,23,270.309,183.101,0.45,0.445,Inf,28,53,22.8,1.176,active
9,13893,1361022062,13:41:02,38,-47.003,-55.682,980.363,31.311,30.961,191.632,231.5,10285.698,101.418,54.856,17,144.381,157.156,0.35,0.297,Inf,21,43,22.6,1.184,active
10,13893,1361022100,13:41:40,69,-36.149,-39.285,1030.974,32.109,27.258,212.681,243,7712.456,87.821,31.135,28,223.867,117.125,0.4,0.445,Inf,30,61,22.6,1.323,active
11,13893,1361022169,13:42:49,34,-48.422,-59.167,996.762,31.572,23.849,230.706,237.5,3710.578,60.915,36.324,9,243.945,234.992,0.2,0.297,Inf,30,61,22.6,1.377,active
12,13893,1361022203,13:43:23,43,-44.407,-43.732,479.84,21.905,26.185,224.047,253,7668.76,87.571,29.652,16,197.266,244.629,0.9,0.297,Inf,32,61,22.6,1.294,active
13,13893,1361022246,13:44:06,28,-32.873,-46.962,1965.836,44.338,31.769,228.643,246,5074.979,71.239,22.98,11,122.411,156.414,0.75,0.445,Inf,34,64,22.5,1.089,active
14,13893,1361022274,13:44:34,47,-57.442,-66.988,753.425,27.449,18.877,203.553,240,9663.209,98.302,53.374,9,388.681,302.45,0.35,0.297,Inf,30,56,22.4,1.162,active
16,13893,1361022323,13:45:23,29,-6.257,-4.677,1156.947,34.014,37.465,187.276,194,499.778,22.356,13.343,0,NA,0,0.1,0,Inf,23,48,22.3,1.048,active
